brand_name,generic_name,therapeutic_class,purpose_en,side_effects_en,timing_instructions,known_interactions
Crocin,paracetamol,analgesic,Reduces fever and relieves mild to moderate pain,"Nausea, stomach upset, skin rash (rare)",Take after meals with water; every 4-6 hours as needed,Avoid with alcohol; caution with liver disease medications
Dolo 650,paracetamol 650mg,analgesic,Reduces fever and provides pain relief for headaches and body aches,"Nausea, stomach discomfort, allergic reactions (rare)",Take after meals; do not exceed 4 tablets in 24 hours,Avoid with alcohol; caution with blood thinners
Combiflam,ibuprofen + paracetamol,analgesic,Relieves pain and reduces inflammation and fever,"Stomach pain, nausea, dizziness, heartburn",Take after meals; do not take on empty stomach,Avoid with blood thinners; do not combine with other painkillers
Saridon,propyphenazone + paracetamol + caffeine,analgesic,Relieves headaches and mild to moderate pain,"Nausea, dizziness, stomach upset",Take with water after meals; not more than 3 tablets daily,Avoid with blood thinners; do not take with alcohol
Voveran,diclofenac sodium,anti-inflammatory,Reduces pain and swelling in joints and muscles,"Stomach pain, nausea, dizziness, kidney issues with long use",Take after meals; use for shortest duration needed,Avoid with blood thinners; caution with kidney disease medications
Brufen,ibuprofen,anti-inflammatory,Relieves pain and reduces inflammation and fever,"Stomach pain, heartburn, nausea, dizziness",Take after meals; do not take on empty stomach,Avoid with aspirin; caution with blood pressure medications
Amoxyclav,amoxicillin + clavulanic acid,antibiotic,Treats bacterial infections of throat and chest and urinary tract,"Diarrhea, nausea, skin rash, stomach upset",Take at the start of meals; complete full course as prescribed,Avoid with methotrexate; may reduce effectiveness of birth control pills
Azithral,azithromycin,antibiotic,Treats bacterial infections of lungs and throat and skin,"Nausea, diarrhea, stomach pain, headache",Take 1 hour before or 2 hours after meals; once daily,Avoid with antacids; caution with heart rhythm medications
Cipro,ciprofloxacin,antibiotic,Treats urinary tract and respiratory and skin infections,"Nausea, diarrhea, dizziness, tendon problems (rare)",Take with water; avoid dairy products 2 hours before/after,Avoid with antacids containing aluminium; caution with blood thinners
Augmentin,amoxicillin + clavulanic acid,antibiotic,Treats ear and sinus and lung and urinary tract infections,"Diarrhea, nausea, vomiting, skin rash",Take at the start of meals; complete full course,May reduce effectiveness of birth control pills
Taxim-O,cefixime,antibiotic,Treats bacterial infections of ear and throat and urinary tract,"Diarrhea, nausea, stomach pain, headache",Take with or without food; complete full course as prescribed,Avoid with blood thinners; caution with probenecid
Metformin,metformin hydrochloride,antidiabetic,Lowers blood sugar levels in type 2 diabetes,"Nausea, diarrhea, stomach upset, metallic taste",Take with meals; start with low dose and increase gradually,Avoid with alcohol; stop before contrast dye procedures
Glimy,glimepiride,antidiabetic,Helps pancreas release insulin to lower blood sugar,"Low blood sugar, weight gain, nausea, dizziness",Take with breakfast; do not skip meals after taking,Avoid with alcohol; caution with beta-blockers
Januvia,sitagliptin,antidiabetic,Helps control blood sugar by boosting natural insulin,"Headache, upper respiratory infection, stomach upset",Take once daily with or without food,Caution with other diabetes medications that lower blood sugar
Amaryl,glimepiride,antidiabetic,Stimulates insulin release to manage type 2 diabetes,"Low blood sugar, weight gain, nausea",Take once daily with breakfast; monitor blood sugar regularly,Avoid with alcohol; caution with sulfonamide antibiotics
Galvus Met,vildagliptin + metformin,antidiabetic,Controls blood sugar using two different mechanisms,"Nausea, headache, dizziness, low blood sugar",Take with meals; usually twice daily,Avoid with alcohol; inform doctor before any contrast dye test
Amlodipine,amlodipine besylate,antihypertensive,Lowers high blood pressure and prevents chest pain,"Swelling in ankles, headache, dizziness, flushing",Take once daily at the same time; do not stop suddenly,Avoid grapefruit; caution with other blood pressure medications
Telma,telmisartan,antihypertensive,Lowers high blood pressure and protects kidneys,"Dizziness, back pain, diarrhea, fatigue",Take once daily at the same time; do not stop suddenly,Do not use with ACE inhibitors; avoid potassium supplements
Olmesartan,olmesartan medoxomil,antihypertensive,Lowers high blood pressure by relaxing blood vessels,"Dizziness, diarrhea, back pain, flu-like symptoms",Take once daily with or without food; do not stop suddenly,Do not use with ACE inhibitors; avoid potassium supplements
Aten,atenolol,antihypertensive,Lowers blood pressure and slows heart rate,"Tiredness, cold hands, dizziness, slow heartbeat",Take once daily; do not stop suddenly without doctor advice,Avoid with verapamil; caution with diabetes medications
Losartan,losartan potassium,antihypertensive,Lowers high blood pressure and protects kidneys in diabetes,"Dizziness, fatigue, low blood pressure, high potassium",Take once daily at the same time; can be taken with or without food,Avoid potassium supplements; do not combine with ACE inhibitors
Pan D,pantoprazole + domperidone,antacid,Reduces stomach acid and relieves bloating and nausea,"Headache, diarrhea, stomach pain, dizziness",Take before meals on empty stomach; usually once daily in morning,Avoid with ketoconazole; may reduce absorption of some drugs
Omez,omeprazole,antacid,Reduces stomach acid and treats acidity and ulcers,"Headache, nausea, diarrhea, stomach pain",Take before meals on empty stomach; usually once daily in morning,Avoid with clopidogrel; may affect absorption of some medications
Rantac,ranitidine,antacid,Reduces stomach acid production and treats heartburn,"Headache, dizziness, constipation, diarrhea",Take 30 minutes before meals or at bedtime,May affect absorption of certain antifungal medications
Gelusil,aluminium hydroxide + magnesium hydroxide + simethicone,antacid,Provides quick relief from acidity and gas and bloating,"Constipation, diarrhea (depending on formulation)",Chew tablets or take liquid after meals and at bedtime,Take 2 hours apart from other medications
Digene,aluminium hydroxide + magnesium hydroxide,antacid,Relieves acidity and indigestion and gas,"Constipation, diarrhea, nausea",Take after meals and at bedtime as needed,Take 2 hours apart from antibiotics and iron supplements
Atorvastatin,atorvastatin calcium,statin,Lowers cholesterol and reduces risk of heart disease,"Muscle pain, headache, nausea, joint pain",Take once daily at bedtime; can be taken with or without food,Avoid grapefruit juice; caution with certain antibiotics
Rosuvastatin,rosuvastatin calcium,statin,Lowers bad cholesterol and triglycerides,"Muscle pain, headache, nausea, weakness",Take once daily at any time; can be taken with or without food,Avoid with cyclosporine; caution with blood thinners
Ecosprin,aspirin 75mg,antiplatelet,Prevents blood clots and reduces risk of heart attack and stroke,"Stomach upset, bleeding, bruising easily",Take after meals with water; once daily as prescribed,Avoid with blood thinners; do not combine with ibuprofen regularly
Clopidogrel,clopidogrel bisulfate,antiplatelet,Prevents blood clots after heart attack or stent placement,"Bleeding, bruising, stomach upset, diarrhea",Take once daily with or without food; do not stop without doctor advice,Avoid with omeprazole; caution with blood thinners
Montair LC,montelukast + levocetirizine,antiallergic,Relieves allergies and helps control asthma symptoms,"Drowsiness, dry mouth, headache, fatigue",Take once daily at bedtime; can be taken with or without food,Avoid alcohol; may cause drowsiness with other sedating medications
Cetirizine,cetirizine hydrochloride,antihistamine,Relieves allergic symptoms like sneezing and runny nose and itching,"Drowsiness, dry mouth, headache, fatigue",Take once daily; preferably at bedtime if it causes drowsiness,Avoid alcohol; may increase drowsiness with sedating medications
Allegra,fexofenadine,antihistamine,Relieves allergy symptoms without causing drowsiness,"Headache, nausea, dizziness, back pain",Take once or twice daily; avoid taking with fruit juices,Avoid antacids within 2 hours; do not take with fruit juice
Levolin,levosalbutamol,bronchodilator,Opens airways and relieves breathing difficulty in asthma,"Tremor, headache, fast heartbeat, muscle cramps",Use inhaler as needed; do not exceed prescribed puffs per day,Caution with beta-blockers; may worsen heart conditions
Deriphyllin,etophylline + theophylline,bronchodilator,Opens airways and improves breathing in asthma and COPD,"Nausea, headache, fast heartbeat, restlessness",Take after meals; do not crush or chew tablets,Avoid with ciprofloxacin; caution with caffeine-containing products
Asthalin,salbutamol,bronchodilator,Relieves bronchospasm and improves breathing in asthma,"Tremor, headache, fast heartbeat, throat irritation",Use inhaler as needed for breathing difficulty; shake well before use,Caution with beta-blockers; may interact with diuretics
Thyronorm,levothyroxine sodium,thyroid,Replaces thyroid hormone in hypothyroidism,"Weight loss, tremor, fast heartbeat, sweating (if dose too high)",Take on empty stomach 30-60 minutes before breakfast; daily,Take 4 hours apart from calcium and iron supplements
Eltroxin,levothyroxine,thyroid,Treats underactive thyroid by replacing thyroid hormone,"Headache, weight changes, sweating, tremor (if dose too high)",Take on empty stomach early morning; same time daily,Avoid with calcium and iron supplements; space by 4 hours
Shelcal,calcium carbonate + vitamin D3,vitamin,Strengthens bones and prevents calcium deficiency,"Constipation, gas, stomach upset",Take after meals; chew tablets properly before swallowing,Take 2 hours apart from thyroid medications and antibiotics
Becosules,b-complex + vitamin C,vitamin,Prevents and treats vitamin B complex and vitamin C deficiency,"Nausea, stomach upset, bright yellow urine",Take once daily after meals,May interact with levodopa; high doses of B6 may reduce its effect
Zincovit,multivitamin + multimineral,vitamin,Provides daily essential vitamins and minerals for overall health,"Nausea, stomach upset, constipation",Take once daily after meals with water,Take 2 hours apart from antibiotics and thyroid medications
Limcee,ascorbic acid,vitamin,Boosts immunity and treats vitamin C deficiency,"Stomach cramps, nausea, diarrhea (in high doses)",Take once daily; chewable tablet can be taken with or without food,May increase iron absorption; avoid very high doses with kidney problems
Folvite,folic acid,vitamin,Prevents and treats folic acid deficiency and supports pregnancy,"Nausea, bloating, skin rash (rare)",Take once daily with or without food; as prescribed,May interact with certain seizure medications
Metrogyl,metronidazole,antiprotozoal,Treats bacterial and parasitic infections of gut and skin,"Nausea, metallic taste, headache, dark urine",Take with meals to reduce stomach upset; complete full course,Strictly avoid alcohol during and 48 hours after treatment
Flagyl,metronidazole,antiprotozoal,Treats infections caused by bacteria and parasites,"Nausea, vomiting, metallic taste, diarrhea",Take with or after food; complete the full course as prescribed,Strictly avoid alcohol; may interact with blood thinners
Norflox TZ,norfloxacin + tinidazole,antiprotozoal,Treats diarrhea and dysentery caused by bacteria and parasites,"Nausea, dizziness, headache, stomach pain",Take on empty stomach with plenty of water; complete full course,Avoid with antacids; strictly avoid alcohol during treatment
Pantocid,pantoprazole,proton pump inhibitor,Reduces stomach acid and heals acid-related stomach damage,"Headache, diarrhea, nausea, stomach pain",Take before meals on empty stomach; usually once daily in morning,May reduce absorption of iron and vitamin B12 with long-term use
Razo,rabeprazole,proton pump inhibitor,Reduces excess stomach acid and treats ulcers and GERD,"Headache, diarrhea, nausea, flatulence",Take before meals on empty stomach; once daily,May affect absorption of some medications; inform doctor of all drugs
Nexium,esomeprazole,proton pump inhibitor,Reduces stomach acid and treats GERD and stomach ulcers,"Headache, nausea, diarrhea, stomach pain",Take 1 hour before meals; swallow whole and do not crush,Avoid with clopidogrel; may reduce absorption of some medications
Ondem,ondansetron,antiemetic,Prevents nausea and vomiting after surgery or chemotherapy,"Headache, constipation, dizziness, fatigue",Take 30 minutes before chemotherapy or as prescribed by doctor,Caution with medications that affect heart rhythm
Emeset,ondansetron,antiemetic,Prevents and treats nausea and vomiting,"Headache, constipation, fatigue, dizziness",Take as prescribed; can be taken with or without food,Caution with tramadol; may interact with heart rhythm medications
Avil,pheniramine maleate,antihistamine,Relieves allergic reactions and itching and runny nose,"Drowsiness, dry mouth, blurred vision, dizziness",Take after meals; avoid driving after taking,Avoid alcohol; increases drowsiness with other sedating medications
Disprin,aspirin,analgesic,Relieves mild pain and reduces fever and inflammation,"Stomach irritation, nausea, bleeding risk",Dissolve in water and take after meals; not for children under 12,Avoid with blood thinners; do not combine with ibuprofen
Volini,diclofenac diethylamine,topical anti-inflammatory,Provides pain relief for muscle and joint pain when applied to skin,"Skin irritation, redness, itching at application site",Apply thin layer on affected area 3-4 times daily; do not use on wounds,Do not cover with tight bandage; avoid contact with eyes
Betadine,povidone-iodine,antiseptic,Kills germs and prevents infection in cuts and wounds,"Skin irritation, staining, allergic reaction (rare)",Apply directly on wound; clean area before application,Avoid in patients with thyroid disorders; do not use with mercury-based products
Moov,diclofenac diethylamine + linseed oil + menthol,topical analgesic,Relieves muscle pain and backache and joint stiffness,"Skin redness, mild burning sensation, itching",Apply and gently massage on affected area 3-4 times daily,Do not apply on broken skin or wounds; avoid contact with eyes
Zandu Balm,menthol + camphor + eucalyptus oil,topical analgesic,Provides relief from headache and body ache and cold,"Skin irritation, burning sensation (if sensitive skin)",Apply gently on forehead or affected area; do not ingest,For external use only; avoid contact with eyes and mucous membranes
ORS,oral rehydration salts,rehydration,Replaces fluids and minerals lost during diarrhea and vomiting,"Nausea, vomiting (if taken too fast)",Dissolve one packet in 1 litre of clean water; sip frequently,No significant drug interactions; safe with most medications
Dabur Honitus,herbal cough syrup,antitussive,Provides relief from cough and sore throat,"Mild stomach upset (rare), drowsiness",Take 1-2 teaspoons 3-4 times daily; can be taken with or without food,No significant drug interactions known; consult doctor if on other cough medicines
Benadryl,diphenhydramine,antitussive,Relieves cough and cold symptoms,"Drowsiness, dry mouth, dizziness, blurred vision",Take after meals; measure liquid doses carefully,Avoid alcohol; do not drive after taking; avoid with sedatives
Corex,chlorpheniramine + codeine,antitussive,Suppresses severe dry cough and relieves cold symptoms,"Drowsiness, constipation, nausea, dizziness",Take as prescribed by doctor; do not exceed recommended dose,Avoid alcohol; do not drive; avoid with other sedating medications
Sinarest,paracetamol + phenylephrine + chlorpheniramine + caffeine,decongestant,Relieves cold and flu symptoms including congestion and fever,"Drowsiness, dry mouth, nausea, restlessness",Take after meals; do not exceed 3-4 tablets daily,Avoid with other paracetamol-containing products; avoid alcohol
Otrivin,xylometazoline,decongestant,Provides quick relief from nasal congestion and blocked nose,"Nasal dryness, sneezing, headache, rebound congestion",Use 1-2 drops in each nostril; do not use for more than 7 days,Do not use with MAO inhibitors
Dulcolax,bisacodyl,laxative,Relieves constipation by stimulating bowel movement,"Stomach cramps, diarrhea, nausea",Take at bedtime; swallow whole and do not crush or chew,Do not take with milk or antacids; avoid long-term daily use
Cremaffin,liquid paraffin + milk of magnesia,laxative,Softens stool and relieves constipation,"Stomach cramps, nausea, oily stool",Take at bedtime; shake bottle well before use,Take 2 hours apart from other medications; may reduce absorption of some drugs
Imodium,loperamide,antidiarrheal,Reduces diarrhea by slowing down bowel movements,"Constipation, stomach cramps, dizziness, drowsiness",Take after each loose motion; do not exceed 8 tablets daily,Do not use in dysentery with blood in stool
Monocef,ceftriaxone,antibiotic,Treats severe bacterial infections of lungs and blood and brain,"Pain at injection site, diarrhea, rash, nausea",Given by injection in hospital; complete full course,Avoid with calcium-containing IV solutions; caution with blood thinners
Ciplox,ciprofloxacin,antibiotic,Treats bacterial infections of urinary tract and lungs,"Nausea, diarrhea, dizziness, tendon pain",Take with water on empty stomach; avoid dairy 2 hours before/after,Avoid with antacids; caution with theophylline and blood thinners
Oflox,ofloxacin,antibiotic,Treats bacterial infections of lungs and urinary tract and skin,"Nausea, headache, dizziness, diarrhea",Take with or without food; complete full course as prescribed,Avoid with antacids; caution with diabetes medications
Moxiflox,moxifloxacin,antibiotic,Treats respiratory and skin bacterial infections,"Nausea, diarrhea, dizziness, headache",Take once daily with or without food; complete full course,Avoid with antacids; may prolong heart rhythm in some patients
Clavam,amoxicillin + clavulanic acid,antibiotic,Treats resistant bacterial infections of ear and throat and lungs,"Diarrhea, nausea, vomiting, skin rash",Take at start of meals; complete full prescribed course,May reduce effectiveness of birth control pills
Erythrocin,erythromycin,antibiotic,Treats bacterial infections in patients allergic to penicillin,"Nausea, vomiting, stomach cramps, diarrhea",Take on empty stomach 1 hour before meals,Avoid with terfenadine; caution with blood thinners and statins
Doxycycline,doxycycline hyclate,antibiotic,Treats acne and respiratory and urinary tract infections,"Nausea, sun sensitivity, stomach upset, throat irritation",Take with food and full glass of water; do not lie down for 30 minutes,Avoid with antacids and dairy; reduces birth control effectiveness
Lizolid,linezolid,antibiotic,Treats serious resistant bacterial infections like MRSA,"Nausea, headache, diarrhea, low blood cell counts",Take with or without food; complete full course as prescribed,Avoid tyramine-rich foods; do not use with SSRI antidepressants
Meropenem,meropenem trihydrate,antibiotic,Treats life-threatening bacterial infections in hospital,"Nausea, diarrhea, headache, injection site reactions",Given by IV injection in hospital setting only,May reduce valproic acid levels; caution with probenecid
Cefpodoxime,cefpodoxime proxetil,antibiotic,Treats ear and throat and urinary tract bacterial infections,"Diarrhea, nausea, stomach pain, headache",Take with food to improve absorption; complete full course,Antacids may reduce absorption; take 2 hours apart
Klaricid HP,clarithromycin,antibiotic,Treats respiratory and skin infections and H. pylori ulcers,"Nausea, diarrhea, abnormal taste, headache",Take with or without food; complete full course,Avoid with terfenadine and cisapride; interacts with statins
Levoflox,levofloxacin,antibiotic,Treats pneumonia and urinary and skin bacterial infections,"Nausea, diarrhea, headache, dizziness",Take once daily with plenty of water; complete full course,Avoid with antacids; caution with diabetes and seizure medications
Zifi,cefixime,antibiotic,Treats bacterial infections of throat and ear and urinary tract,"Diarrhea, nausea, stomach pain, flatulence",Take with or without food; complete full course as prescribed,Caution with blood thinners; probenecid increases levels
Norflox,norfloxacin,antibiotic,Treats urinary tract and intestinal bacterial infections,"Nausea, headache, dizziness, stomach upset",Take on empty stomach with plenty of water,Avoid with antacids and dairy; caution with theophylline
Roxid,roxithromycin,antibiotic,Treats respiratory and skin and soft tissue infections,"Nausea, stomach pain, diarrhea, dizziness",Take before meals on empty stomach; twice daily,Avoid with ergot alkaloids; caution with blood thinners
Amikacin,amikacin sulfate,antibiotic,Treats serious gram-negative bacterial infections,"Kidney damage, hearing loss, dizziness, nausea",Given by injection; dosage based on body weight and kidney function,Avoid with other kidney-toxic drugs; caution with loop diuretics
Vancomycin,vancomycin hydrochloride,antibiotic,Treats severe infections caused by resistant bacteria,"Red man syndrome, kidney damage, nausea, fever",Given by slow IV infusion in hospital; oral for gut infections,Avoid with other kidney-toxic and ear-toxic medications
Furadantin,nitrofurantoin,antibiotic,Treats and prevents urinary tract infections,"Nausea, headache, dark urine, lung problems with long use",Take with food to reduce stomach upset; complete full course,Avoid with antacids containing magnesium; reduces quinolone absorption
Gentamicin,gentamicin sulfate,antibiotic,Treats serious bacterial infections of blood and bones,"Kidney damage, hearing loss, dizziness, rash",Given by injection in hospital; monitor kidney function,Avoid with other kidney-toxic drugs and loop diuretics
Cotrimoxazole,sulfamethoxazole + trimethoprim,antibiotic,Treats urinary and respiratory and intestinal infections,"Nausea, vomiting, rash, blood disorders with long use",Take with food and plenty of water; complete full course,Avoid with methotrexate; caution with blood thinners and diabetes drugs
Vogli,voglibose,antidiabetic,Slows sugar absorption after meals to control blood sugar,"Bloating, flatulence, diarrhea, stomach discomfort",Take at the start of each main meal; chew before swallowing,Caution with other diabetes medications; may need dose adjustment
Forxiga D,dapagliflozin,antidiabetic,Removes excess sugar through urine to lower blood sugar,"Urinary infections, genital infections, increased urination",Take once daily in the morning with or without food,May increase risk of low blood sugar with insulin; stay hydrated
Jardiance E,empagliflozin,antidiabetic,Lowers blood sugar by removing glucose through urine,"Urinary infections, genital infections, low blood pressure",Take once daily in the morning; drink plenty of water,Caution with diuretics; may need insulin dose adjustment
Tenepure M,teneligliptin,antidiabetic,Helps body produce more insulin when blood sugar is high,"Headache, upper respiratory infection, stomach pain",Take once daily with or without food at the same time,Caution with other diabetes medications that lower blood sugar
Pioglitazone,pioglitazone hydrochloride,antidiabetic,Improves insulin sensitivity to control type 2 diabetes,"Weight gain, swelling, bone fractures, headache",Take once daily with or without food,Avoid in heart failure; caution with bladder cancer history
Diamicron,gliclazide,antidiabetic,Stimulates pancreas to produce more insulin,"Low blood sugar, weight gain, nausea, stomach upset",Take with breakfast; do not skip meals after taking,Avoid with alcohol; caution with beta-blockers and blood thinners
Basalog,insulin glargine,antidiabetic,Provides steady insulin over 24 hours for diabetes control,"Low blood sugar, injection site reactions, weight gain",Inject once daily at the same time; rotate injection sites,Avoid with alcohol; dose adjustment needed with other diabetes drugs
Trajenta L,linagliptin,antidiabetic,Boosts natural insulin production when blood sugar rises,"Runny nose, sore throat, cough, headache",Take once daily at any time with or without food,Caution with sulfonylureas; may need dose reduction of other drugs
Invokana,canagliflozin,antidiabetic,Removes excess sugar through kidneys to lower blood glucose,"Genital infections, urinary infections, increased thirst",Take before first meal of the day; stay well hydrated,Caution with diuretics and insulin; monitor kidney function
Eurepa,repaglinide,antidiabetic,Quickly stimulates insulin release to control post-meal sugar,"Low blood sugar, weight gain, headache, joint pain",Take 15-30 minutes before each meal; skip dose if skipping meal,Avoid with gemfibrozil; caution with beta-blockers
Cardace R,ramipril,antihypertensive,Lowers blood pressure and protects heart after heart attack,"Dry cough, dizziness, headache, fatigue",Take once daily at the same time; do not stop suddenly,Avoid potassium supplements; do not use with ARBs
Enalapril,enalapril maleate,antihypertensive,Lowers blood pressure and treats heart failure,"Dry cough, dizziness, headache, fatigue",Take once or twice daily at the same time,Avoid with potassium supplements; caution with lithium
Metoprolol,metoprolol succinate,antihypertensive,Slows heart rate and lowers blood pressure,"Tiredness, dizziness, slow heartbeat, cold hands",Take with or after food; do not stop suddenly,Avoid with verapamil; caution with diabetes medications
Prazosin,prazosin hydrochloride,antihypertensive,Relaxes blood vessels to lower blood pressure,"Dizziness on standing, headache, drowsiness, weakness",Take at bedtime initially; rise slowly from sitting,Caution with other blood pressure drugs; avoid alcohol
Cilacar C,cilnidipine,antihypertensive,Relaxes blood vessels to reduce blood pressure smoothly,"Headache, dizziness, flushing, fast heartbeat",Take once daily after meals at the same time,Avoid grapefruit; caution with other blood pressure medications
Nebivolol,nebivolol hydrochloride,antihypertensive,Slows heart rate and opens blood vessels to lower pressure,"Headache, tiredness, dizziness, nausea",Take once daily with or without food; do not stop abruptly,Avoid with verapamil and diltiazem; caution with diabetes drugs
Telmisartan H,telmisartan + hydrochlorothiazide,antihypertensive,Combines two medicines to effectively lower blood pressure,"Dizziness, diarrhea, fatigue, back pain",Take once daily at the same time; stay hydrated,Avoid potassium supplements; caution with lithium and NSAIDs
Clinidipine,s-amlodipine,antihypertensive,Lowers blood pressure with fewer side effects than amlodipine,"Headache, swelling, dizziness, flushing",Take once daily at the same time; can be with or without food,Avoid grapefruit; caution with other blood pressure medications
Natrilix,indapamide,antihypertensive,Removes extra salt and water to lower blood pressure,"Dizziness, headache, fatigue, muscle cramps",Take once daily in the morning; monitor potassium levels,Caution with lithium; avoid with other potassium-lowering drugs
Carca,carvedilol,antihypertensive,Lowers blood pressure and strengthens weak heart,"Dizziness, tiredness, low blood pressure, weight gain",Take with food twice daily; do not stop suddenly,Avoid with verapamil; caution with insulin and diabetes drugs
Sorbitrate,isosorbide dinitrate,cardiac,Opens blood vessels to relieve and prevent chest pain,"Headache, dizziness, flushing, low blood pressure",Place under tongue for acute attack; swallow tablet for prevention,Never use with sildenafil or tadalafil; avoid alcohol
Nitrocontin,nitroglycerin,cardiac,Prevents and relieves chest pain by widening blood vessels,"Headache, dizziness, flushing, fast heartbeat",Swallow whole; do not crush or chew; take at regular intervals,Never use with PDE5 inhibitors like sildenafil or tadalafil
Dilzem,diltiazem,cardiac,Lowers blood pressure and controls heart rhythm,"Dizziness, headache, swelling, constipation, slow heartbeat",Take with or without food; swallow whole; do not crush,Avoid with beta-blockers; caution with statins and cyclosporine
Lanoxin D,digoxin,cardiac,Strengthens heart contractions and controls irregular heartbeat,"Nausea, vomiting, dizziness, visual disturbances",Take at the same time daily; do not double dose if missed,Avoid with verapamil; many drug interactions — inform doctor of all medications
Amiodarone,amiodarone hydrochloride,cardiac,Controls dangerous irregular heartbeats,"Thyroid problems, lung toxicity, liver issues, skin sensitivity",Take with food; requires regular monitoring of thyroid and liver,Many drug interactions; avoid grapefruit; inform doctor of all medications
Coralan I,ivabradine,cardiac,Slows heart rate to reduce chest pain and heart failure symptoms,"Visual disturbances, dizziness, headache, slow heartbeat",Take twice daily with meals; do not stop suddenly,Avoid with verapamil and diltiazem; avoid grapefruit
Ranexa R,ranolazine,cardiac,Reduces chest pain attacks without affecting heart rate or pressure,"Dizziness, nausea, constipation, headache",Take twice daily with or without food; swallow whole,Avoid with ketoconazole; caution with statins and diltiazem
Vastarel T,trimetazidine,cardiac,Helps heart muscle use energy better during reduced blood flow,"Nausea, stomach pain, dizziness, headache",Take with meals two or three times daily,Caution with Parkinson disease medications; few drug interactions
Sacubitril,sacubitril + valsartan,cardiac,Treats heart failure by reducing strain on the heart,"Low blood pressure, dizziness, cough, high potassium",Take twice daily with or without food,Do not use with ACE inhibitors; avoid potassium supplements
Warfarin,warfarin sodium,cardiac,Prevents blood clots in heart conditions and after surgery,"Bleeding, bruising, nausea, hair loss",Take at the same time daily; regular blood tests needed,Many food and drug interactions; avoid sudden diet changes
Seroflo,salmeterol + fluticasone,respiratory,Controls asthma and prevents breathing difficulty long-term,"Throat irritation, hoarseness, oral thrush, headache",Inhale twice daily at regular intervals; rinse mouth after use,Caution with beta-blockers; avoid with other long-acting bronchodilators
Foracort,formoterol + budesonide,respiratory,Controls asthma symptoms and prevents asthma attacks,"Throat irritation, cough, headache, tremor",Inhale twice daily; rinse mouth with water after each use,Caution with beta-blockers; may interact with some antifungals
Budecort,budesonide,respiratory,Reduces airway inflammation to prevent asthma attacks,"Throat irritation, hoarseness, oral thrush, cough",Use regularly as prescribed; rinse mouth after inhalation,Caution with ketoconazole and other strong CYP3A4 inhibitors
Montelukast,montelukast sodium,respiratory,Prevents asthma attacks and relieves allergic symptoms,"Headache, stomach pain, mood changes, fatigue",Take once daily in the evening; can be with or without food,Few drug interactions; inform doctor about phenobarbital use
Tiotropium,tiotropium bromide,respiratory,Opens airways in COPD for easier long-term breathing,"Dry mouth, constipation, urinary retention, blurred vision",Inhale once daily at the same time; do not swallow capsules,Avoid with other anticholinergic medications
Dextromethorphan,dextromethorphan hydrobromide,respiratory,Suppresses dry cough without causing drowsiness,"Dizziness, nausea, drowsiness, stomach upset",Take every 4-6 hours as needed; do not exceed daily dose,Avoid with MAO inhibitors and SSRI antidepressants
Fluticasone,fluticasone propionate,respiratory,Reduces nasal inflammation from allergies and prevents symptoms,"Nosebleeds, headache, sore throat, nasal irritation",Spray into each nostril once or twice daily as prescribed,Few interactions; caution with ritonavir and ketoconazole
Salbutamol Syrup,salbutamol sulfate,respiratory,Relieves wheezing and cough in children with asthma,"Tremor, headache, fast heartbeat, restlessness",Take 3-4 times daily as prescribed; measure dose carefully,Caution with beta-blockers; may interact with diuretics
Ipratropium,ipratropium bromide,respiratory,Opens airways quickly in COPD and severe asthma attacks,"Dry mouth, cough, headache, nausea",Inhale 3-4 times daily or as rescue medication,Caution with other anticholinergic drugs; avoid eye contact
Daxas,roflumilast,respiratory,Reduces lung inflammation and flare-ups in severe COPD,"Diarrhea, nausea, weight loss, headache",Take once daily with or without food,Avoid with rifampicin; caution with theophylline
Betnovate,betamethasone valerate,dermatological,Reduces skin inflammation and itching from eczema and dermatitis,"Skin thinning, stretch marks, burning at application site",Apply thin layer on affected area once or twice daily,Do not use on face for long periods; avoid covering with airtight dressing
Candid,clotrimazole,dermatological,Treats fungal skin infections like ringworm and athlete's foot,"Mild burning, stinging, redness at application site",Apply thin layer on clean dry affected area twice daily,Few drug interactions for topical use
Clobetasol,clobetasol propionate,dermatological,Treats severe skin inflammation and resistant eczema,"Skin thinning, stretch marks, burning, itching",Apply very thin layer once or twice daily; use for shortest time,Do not use on face or skin folds; avoid occlusive dressings
Fucidin,fusidic acid,dermatological,Treats bacterial skin infections like impetigo and infected wounds,"Mild irritation, itching, redness at application site",Apply thin layer on affected area 2-3 times daily,Few interactions for topical use; avoid with other topical antibiotics
Terbinafine Cream,terbinafine hydrochloride,dermatological,Treats fungal infections of skin and nails effectively,"Redness, itching, stinging at application site",Apply once or twice daily on clean dry skin; continue for full course,Few interactions for topical use
Panderm,clobetasol + neomycin + miconazole,dermatological,Treats skin infections with inflammation and fungal involvement,"Skin thinning, burning, irritation at application site",Apply thin layer twice daily; do not use for more than 2 weeks,Do not use on open wounds; avoid prolonged use on face
Soframycin,framycetin sulfate,dermatological,Prevents and treats skin infections in cuts and burns,"Mild irritation, allergic rash at application site",Apply on clean wound 1-3 times daily; cover if needed,Avoid on large open areas; few systemic interactions
Lulican L,luliconazole,dermatological,Treats fungal infections like ringworm and jock itch,"Mild burning, redness at application site",Apply once daily on affected area for 1-2 weeks,Few drug interactions for topical application
Adaferin,adapalene,dermatological,Treats acne by unclogging pores and reducing inflammation,"Skin dryness, peeling, redness, sun sensitivity",Apply thin layer at bedtime on clean dry skin,Avoid with other retinoids; use sunscreen during the day
Permite,permethrin,dermatological,Kills scabies mites and head lice on the skin,"Mild burning, stinging, itching at application site",Apply all over body from neck down; wash off after 8-14 hours,Few drug interactions; safe for external use only
Moxifloxacin Eye,moxifloxacin ophthalmic,ophthalmic,Treats bacterial eye infections like conjunctivitis,"Eye irritation, blurred vision, dry eye, eye pain",Put 1 drop in affected eye 3 times daily for 7 days,Few systemic interactions; avoid contact lenses during treatment
Tobramycin Eye,tobramycin ophthalmic,ophthalmic,Treats external bacterial infections of the eye,"Eye irritation, itching, redness, blurred vision",Put 1-2 drops every 4 hours; reduce frequency as infection improves,Few systemic interactions; do not use with soft contact lenses
Timolol Eye,timolol maleate ophthalmic,ophthalmic,Lowers eye pressure to prevent glaucoma damage,"Eye stinging, blurred vision, dry eyes, slow heartbeat",Put 1 drop in each eye once or twice daily,Avoid with oral beta-blockers; caution with calcium channel blockers
Latanoprost,latanoprost ophthalmic,ophthalmic,Reduces eye pressure in glaucoma by improving fluid drainage,"Eye color change, eyelash growth, eye redness, stinging",Put 1 drop in affected eye once daily in the evening,Remove contact lenses before use; few systemic interactions
Dorzolamide,dorzolamide hydrochloride,ophthalmic,Lowers eye pressure in glaucoma by reducing fluid production,"Bitter taste, eye burning, blurred vision, eye redness",Put 1 drop in affected eye 3 times daily,Avoid with oral carbonic anhydrase inhibitors
Brimonidine,brimonidine tartrate,ophthalmic,Lowers eye pressure in open-angle glaucoma,"Eye redness, burning, stinging, drowsiness, dry mouth",Put 1 drop in affected eye 2-3 times daily,Avoid with MAO inhibitors; caution with blood pressure medications
Olopatadine,olopatadine hydrochloride,ophthalmic,Relieves itchy eyes caused by allergies,"Mild burning, headache, blurred vision, dry eye",Put 1 drop in each eye once or twice daily,Few systemic interactions; safe for regular allergy use
Ciprofloxacin Eye,ciprofloxacin ophthalmic,ophthalmic,Treats bacterial infections and corneal ulcers of the eye,"White deposits on cornea, eye discomfort, bad taste",Put 1-2 drops every 2-4 hours initially; reduce as improves,Few systemic interactions for eye drops
Nepafenac,nepafenac ophthalmic,ophthalmic,Reduces pain and swelling after eye surgery,"Eye stinging, headache, nausea, sticky eye feeling",Put 1 drop 3 times daily starting 1 day before surgery,Caution with other NSAIDs; may slow wound healing
Carboxymethylcellulose,carboxymethylcellulose sodium,ophthalmic,Lubricates dry eyes and provides long-lasting moisture relief,"Mild stinging, blurred vision temporarily",Put 1-2 drops in each eye as needed throughout the day,Few drug interactions; safe to use with most eye medications
Pregalin P,pregabalin,neurological,Relieves nerve pain and controls seizures,"Dizziness, drowsiness, weight gain, blurred vision",Take 2-3 times daily with or without food; do not stop suddenly,Avoid alcohol; caution with other sedating medications
Gabapin G,gabapentin,neurological,Treats nerve pain and prevents seizures,"Dizziness, drowsiness, fatigue, swelling in legs",Take 3 times daily with or without food; do not stop suddenly,Avoid with antacids; take 2 hours apart from antacids
Levipil L,levetiracetam,neurological,Prevents and controls seizures in epilepsy,"Drowsiness, weakness, dizziness, mood changes",Take twice daily at the same times; do not stop suddenly,Few drug interactions; caution with other CNS depressants
Tegrital C,carbamazepine,neurological,Controls seizures and relieves nerve pain,"Dizziness, drowsiness, nausea, blurred vision",Take with food 2-3 times daily; regular blood tests needed,Many drug interactions; reduces effectiveness of birth control
Valproate,sodium valproate,neurological,Prevents seizures and stabilizes mood in bipolar disorder,"Weight gain, tremor, hair loss, stomach upset",Take with food 2-3 times daily; regular liver function tests needed,Avoid in pregnancy; interacts with many medications
Phenytoin,phenytoin sodium,neurological,Controls and prevents seizures in epilepsy,"Gum overgrowth, dizziness, nausea, skin rash",Take at the same time daily with or after food,Many drug interactions; reduces effectiveness of many medications
Topirol,topiramate,neurological,Prevents seizures and reduces migraine frequency,"Tingling, weight loss, taste changes, memory problems",Take twice daily; swallow whole; increase dose gradually,Reduces birth control effectiveness; caution with kidney stone history
Lamitor,lamotrigine,neurological,Prevents seizures and stabilizes mood,"Skin rash, headache, dizziness, nausea",Start with low dose; increase slowly; take once or twice daily,Dose adjustment needed with valproate; oral contraceptives affect levels
Oxetol O,oxcarbazepine,neurological,Controls partial seizures with fewer side effects,"Dizziness, drowsiness, nausea, double vision",Take twice daily with or without food,Reduces birth control effectiveness; may lower sodium levels
Sumatriptan,sumatriptan succinate,neurological,Relieves migraine headaches and associated nausea,"Tingling, flushing, chest tightness, drowsiness",Take at first sign of migraine; can repeat after 2 hours if needed,Do not use with ergotamine or MAO inhibitors; avoid with SSRIs
Escitalopram,escitalopram oxalate,psychiatric,Treats depression and anxiety disorders,"Nausea, headache, drowsiness, sexual problems",Take once daily morning or evening; takes 2-4 weeks for full effect,Avoid with MAO inhibitors; caution with blood thinners
Sertraline,sertraline hydrochloride,psychiatric,Treats depression and panic and obsessive-compulsive disorders,"Nausea, diarrhea, headache, sleep problems",Take once daily morning or evening with food,Avoid with MAO inhibitors; caution with blood thinners
Fluoxetine,fluoxetine hydrochloride,psychiatric,Treats depression and anxiety and eating disorders,"Nausea, headache, nervousness, sleep problems",Take once daily in the morning with or without food,Avoid with MAO inhibitors; many drug interactions
Olanex O,olanzapine,psychiatric,Treats schizophrenia and bipolar disorder symptoms,"Weight gain, drowsiness, dizziness, increased appetite",Take once daily at bedtime; can be with or without food,Avoid alcohol; caution with blood pressure medications
Sizodon R,risperidone,psychiatric,Treats schizophrenia and irritability in behavioral disorders,"Weight gain, drowsiness, dizziness, muscle stiffness",Take once or twice daily with or without food,Avoid alcohol; caution with blood pressure medications
Quetiapine,quetiapine fumarate,psychiatric,Treats schizophrenia and bipolar disorder and depression,"Drowsiness, weight gain, dizziness, dry mouth",Take at bedtime; increase dose gradually as directed,Avoid alcohol; caution with other sedating medications
Rivotril,clonazepam,psychiatric,Controls seizures and relieves anxiety and panic attacks,"Drowsiness, dizziness, fatigue, memory problems",Take 2-3 times daily; do not stop suddenly; habit-forming,Avoid alcohol; do not combine with opioids or other sedatives
Alprax A,alprazolam,psychiatric,Provides short-term relief from anxiety and panic attacks,"Drowsiness, dizziness, fatigue, memory problems",Take 2-3 times daily as needed; use for shortest time possible,Avoid alcohol; do not combine with opioids; habit-forming
Lithium,lithium carbonate,psychiatric,Stabilizes mood in bipolar disorder and prevents episodes,"Tremor, thirst, frequent urination, weight gain",Take 2-3 times daily with food; regular blood tests essential,Avoid NSAIDs and diuretics; maintain consistent salt and water intake
Amitriptyline,amitriptyline hydrochloride,psychiatric,Treats depression and nerve pain and prevents migraines,"Drowsiness, dry mouth, weight gain, constipation",Take at bedtime due to drowsiness; do not stop suddenly,Avoid with MAO inhibitors; caution with heart medications
Wysolone P,prednisolone,endocrine,Reduces inflammation and suppresses immune reactions,"Weight gain, mood changes, stomach upset, increased blood sugar",Take with food in the morning; do not stop suddenly after long use,Avoid with NSAIDs; may increase blood sugar in diabetics
Decdan D,dexamethasone,endocrine,Treats severe inflammation and allergic reactions,"Weight gain, mood changes, high blood sugar, weakened bones",Take with food in the morning; taper dose gradually when stopping,Avoid with NSAIDs; interacts with blood thinners and diabetes drugs
Medrol M,methylprednisolone,endocrine,Reduces severe inflammation in allergies and autoimmune diseases,"Weight gain, stomach upset, mood changes, sleep problems",Take with food; follow prescribed tapering schedule,Avoid with NSAIDs; caution with blood thinners and vaccines
Hydrocortisone Tablet,hydrocortisone,endocrine,Replaces cortisol in adrenal insufficiency,"Weight gain, mood changes, stomach upset, weakness",Take in divided doses mimicking natural cortisol rhythm,Avoid with NSAIDs; may increase blood sugar
Dostinex C,cabergoline,endocrine,Lowers prolactin hormone levels and treats related conditions,"Nausea, dizziness, headache, fatigue",Take twice weekly with food; follow doctor dosing schedule,Avoid with dopamine antagonists; caution with blood pressure drugs
Rocaltrol,calcitriol,endocrine,Active vitamin D that helps body absorb calcium properly,"High calcium levels, nausea, weakness, headache",Take once daily; monitor calcium levels regularly,Avoid with thiazide diuretics; caution with digoxin
Femara,letrozole,endocrine,Treats hormone-receptor positive breast cancer in women,"Hot flashes, joint pain, fatigue, bone thinning",Take once daily at the same time with or without food,Avoid with tamoxifen; few other significant interactions
Bromocriptine,bromocriptine mesylate,endocrine,Lowers prolactin levels and treats Parkinson symptoms,"Nausea, dizziness, headache, fatigue",Take with food; start with low dose and increase gradually,Avoid with ergot alkaloids; caution with blood pressure drugs
Thymazole,methimazole,endocrine,Reduces thyroid hormone production in overactive thyroid,"Rash, joint pain, nausea, low white blood cells (rare)",Take once daily with or without food,Caution with blood thinners; regular blood count monitoring needed
Propycil,propylthiouracil,endocrine,Controls overactive thyroid by blocking hormone production,"Rash, joint pain, nausea, liver problems (rare)",Take 3 times daily; regular thyroid and liver function tests,Caution with blood thinners; report any signs of infection
Domstal D,domperidone,gastrointestinal,Relieves nausea and vomiting and speeds up stomach emptying,"Dry mouth, headache, diarrhea, breast tenderness",Take 15-30 minutes before meals and at bedtime,Avoid with ketoconazole and erythromycin; caution with heart drugs
Sucral,sucralfate,gastrointestinal,Coats and protects stomach ulcers to help healing,"Constipation, dry mouth, nausea, stomach discomfort",Take on empty stomach 1 hour before meals; 4 times daily,Take 2 hours apart from other medications; reduces absorption
Mosapride,mosapride citrate,gastrointestinal,Improves stomach emptying and relieves bloating after meals,"Diarrhea, stomach pain, headache, dizziness",Take 3 times daily before meals,Few significant interactions; caution with other gut motility drugs
Rcifax,rifaximin,gastrointestinal,Treats traveler diarrhea and prevents liver-related complications,"Nausea, flatulence, headache, stomach pain",Take 3 times daily with or without food; complete full course,Few drug interactions as minimally absorbed; caution with cyclosporine
Mesacol,mesalamine,gastrointestinal,Reduces inflammation in ulcerative colitis and maintains remission,"Headache, nausea, stomach pain, diarrhea",Take with food as prescribed; swallow tablets whole,Caution with blood thinners and kidney-toxic drugs
Udiliv,ursodeoxycholic acid,gastrointestinal,Dissolves gallstones and treats liver conditions,"Diarrhea, nausea, stomach pain, hair thinning",Take with food 2-3 times daily as prescribed,Avoid with antacids containing aluminium; caution with cyclosporine
Creon,pancreatin,gastrointestinal,Replaces digestive enzymes to help absorb food properly,"Nausea, stomach cramps, diarrhea, mouth irritation",Take with meals; swallow whole without crushing,Do not take with antacids; may affect absorption of iron and folate
Itopride,itopride hydrochloride,gastrointestinal,Speeds up stomach emptying to relieve fullness and bloating,"Diarrhea, headache, stomach pain, dizziness",Take 3 times daily before meals,Caution with anticholinergic drugs; few other interactions
Drotaverine,drotaverine hydrochloride,gastrointestinal,Relieves stomach and intestinal cramps and spasms,"Headache, dizziness, nausea, low blood pressure",Take 2-3 times daily as needed for cramps,Caution with levodopa; may enhance blood pressure lowering drugs
Rabeprazole Plus,rabeprazole + domperidone,gastrointestinal,Reduces acid and relieves nausea and bloating together,"Headache, diarrhea, dry mouth, stomach pain",Take before meals on empty stomach; usually once daily,Avoid with ketoconazole; may affect absorption of some drugs
Zerodol A,aceclofenac,musculoskeletal,Reduces pain and swelling in arthritis and injuries,"Stomach pain, nausea, dizziness, diarrhea",Take after meals twice daily; use for shortest duration needed,Avoid with blood thinners; caution with blood pressure medications
Nucoxia E,etoricoxib,musculoskeletal,Reduces pain and inflammation with less stomach irritation,"Headache, dizziness, swelling, high blood pressure",Take once daily with or without food,Avoid with blood thinners; caution with ACE inhibitors and diuretics
Myoril,thiocolchicoside,musculoskeletal,Relaxes muscles and reduces stiffness and spasms,"Drowsiness, diarrhea, nausea, stomach upset",Take twice daily after meals; use for short periods only,May increase drowsiness with sedatives; caution with seizure drugs
Tizanidine,tizanidine hydrochloride,musculoskeletal,Relaxes muscles and relieves stiffness and spasms,"Drowsiness, dizziness, dry mouth, weakness",Take up to 3 times daily; start with low dose,Avoid with ciprofloxacin and fluvoxamine; caution with blood pressure drugs
Dolonex,piroxicam,musculoskeletal,Reduces pain and swelling in arthritis long-term,"Stomach pain, nausea, dizziness, skin sensitivity to sun",Take once daily with food; use lowest effective dose,Avoid with blood thinners; caution with lithium and diuretics
Naproxen,naproxen sodium,musculoskeletal,Relieves pain and reduces inflammation in muscles and joints,"Stomach pain, nausea, headache, dizziness",Take twice daily with food; avoid on empty stomach,Avoid with blood thinners; caution with lithium and methotrexate
Nise N,nimesulide,musculoskeletal,Reduces pain and inflammation rapidly,"Stomach upset, nausea, dizziness, liver risk with long use",Take after meals twice daily; use for shortest time possible,Avoid with blood thinners; caution with blood pressure drugs
Flexon C,chlorzoxazone,musculoskeletal,Relaxes muscles to relieve pain from sprains and strains,"Drowsiness, dizziness, nausea, dark urine",Take 3-4 times daily with or without food,Avoid alcohol; may increase drowsiness with sedatives
Zyloric A,allopurinol,musculoskeletal,Lowers uric acid levels to prevent gout attacks,"Skin rash, nausea, diarrhea, drowsiness",Take after meals once daily; drink plenty of water,Avoid with azathioprine; caution with blood thinners
Colchiheal C,colchicine,musculoskeletal,Treats acute gout attacks and prevents future episodes,"Diarrhea, nausea, vomiting, stomach cramps",Take at first sign of gout attack; follow prescribed schedule,Avoid with clarithromycin; caution with statins and cyclosporine
Tamsulosin,tamsulosin hydrochloride,urological,Relaxes prostate and bladder muscles to improve urine flow,"Dizziness, runny nose, abnormal ejaculation, headache",Take 30 minutes after the same meal daily,Caution with other blood pressure drugs; avoid with ketoconazole
Silofast S,silodosin,urological,Improves urine flow in enlarged prostate,"Dizziness, runny nose, retrograde ejaculation, headache",Take once daily with food at the same time,Avoid with ketoconazole; caution with blood pressure medications
Finpecia F,finasteride,urological,Shrinks enlarged prostate and treats male pattern hair loss,"Sexual problems, breast tenderness, dizziness",Take once daily with or without food; takes months for full effect,Few drug interactions; women should not handle crushed tablets
Duprost,dutasteride,urological,Reduces prostate size and improves urinary symptoms,"Sexual problems, breast enlargement, dizziness",Take once daily with or without food; swallow whole,Few drug interactions; women should not handle capsules
Alfuzosin,alfuzosin hydrochloride,urological,Relaxes prostate muscles for better urine flow,"Dizziness, headache, fatigue, stomach pain",Take once daily after the same meal; swallow whole,Avoid with other alpha-blockers; caution with blood pressure drugs
Solifenacin,solifenacin succinate,urological,Reduces overactive bladder symptoms and frequent urination,"Dry mouth, constipation, blurred vision, stomach upset",Take once daily with or without food; swallow whole,Avoid with ketoconazole; caution with other anticholinergic drugs
Myrbetriq,mirabegron,urological,Relaxes bladder muscle to reduce urgent and frequent urination,"Urinary infection, headache, nausea, high blood pressure",Take once daily with or without food; swallow whole,Caution with digoxin; may increase blood pressure
Doxazosin,doxazosin mesylate,urological,Relaxes blood vessels and prostate for better urine flow,"Dizziness, headache, fatigue, low blood pressure on standing",Take once daily at bedtime; rise slowly from sitting,Caution with other blood pressure medications; avoid alcohol
Tolterodine,tolterodine tartrate,urological,Controls overactive bladder and reduces urine urgency,"Dry mouth, constipation, headache, blurred vision",Take twice daily with or without food,Avoid with ketoconazole; caution with other anticholinergic drugs
Oxybutynin,oxybutynin chloride,urological,Reduces bladder spasms and controls frequent urination,"Dry mouth, constipation, drowsiness, blurred vision",Take 2-3 times daily; or extended-release once daily,Avoid with other anticholinergic drugs; caution with hot weather
Fersolate,ferrous sulfate,hematological,Treats iron deficiency anemia by restoring iron levels,"Nausea, constipation, dark stools, stomach upset",Take on empty stomach with vitamin C; avoid with tea and coffee,Take 2 hours apart from antacids and antibiotics
Orofer,iron sucrose,hematological,Quickly restores iron levels through intravenous injection,"Nausea, headache, muscle cramps, metallic taste",Given by IV injection in clinic; usually over multiple sessions,Do not mix with other IV medications; monitor during infusion
Erythropoietin,epoetin alfa,hematological,Stimulates red blood cell production to treat anemia,"High blood pressure, headache, joint pain, injection site pain",Given by injection as prescribed; monitor hemoglobin regularly,May need iron supplementation; caution with blood pressure drugs
Trenaxa T,tranexamic acid,hematological,Stops or reduces heavy bleeding by strengthening blood clots,"Nausea, diarrhea, headache, muscle pain",Take 3-4 times daily during bleeding episodes as prescribed,Avoid with blood clot medications; caution in kidney disease
Hydroxycarbamide,hydroxyurea,hematological,Reduces sickle cell crises and controls blood cancer,"Low blood counts, nausea, mouth sores, skin changes",Take once daily; regular blood tests essential,Avoid with other bone marrow suppressing drugs
Enoxaparin,enoxaparin sodium,hematological,Prevents and treats blood clots in veins and lungs,"Bleeding, bruising at injection site, nausea",Inject under skin once or twice daily as prescribed,Avoid with aspirin and NSAIDs unless prescribed; monitor platelets
Eliquis A,apixaban,hematological,Prevents blood clots and stroke in irregular heartbeat,"Bleeding, bruising, nausea, anemia",Take twice daily with or without food,Avoid with strong antifungals; caution with aspirin and NSAIDs
Xarelto R,rivaroxaban,hematological,Prevents blood clots after surgery and in heart conditions,"Bleeding, bruising, dizziness, headache",Take once daily with food; do not crush tablets,Avoid with strong antifungals and HIV drugs; caution with NSAIDs
Dabigatran,dabigatran etexilate,hematological,Prevents stroke and blood clots in irregular heartbeat,"Bleeding, stomach pain, indigestion, nausea",Take twice daily with water; swallow whole without crushing,Avoid with ketoconazole and dronedarone; caution with NSAIDs
Asunra,deferasirox,hematological,Removes excess iron from the body in transfusion patients,"Nausea, diarrhea, headache, stomach pain, kidney effects",Take once daily on empty stomach 30 minutes before food,Avoid with aluminium antacids; monitor kidney and liver function
Folitrax M,methotrexate,immunological,Controls rheumatoid arthritis and severe psoriasis,"Nausea, mouth sores, fatigue, low blood counts",Take once weekly (not daily); take folic acid as prescribed,Avoid with NSAIDs and trimethoprim; avoid alcohol completely
Imuran A,azathioprine,immunological,Prevents organ rejection and treats autoimmune conditions,"Nausea, low blood counts, liver problems, infections",Take once or twice daily with food,Avoid with allopurinol; regular blood monitoring essential
Panimun,cyclosporine,immunological,Prevents organ transplant rejection and treats autoimmune diseases,"Kidney damage, high blood pressure, tremor, gum overgrowth",Take at the same times daily with or without food,Avoid grapefruit; many drug interactions; regular monitoring needed
Mycophenolate,mycophenolate mofetil,immunological,Prevents organ rejection after transplant surgery,"Diarrhea, nausea, vomiting, low blood counts",Take twice daily on empty stomach; do not open capsules,Avoid with antacids; may reduce vaccine effectiveness
Hydroxychloroquine,hydroxychloroquine sulfate,immunological,Treats lupus and rheumatoid arthritis by calming immune system,"Nausea, stomach cramps, headache, eye problems with long use",Take with food once or twice daily,Caution with heart rhythm drugs; regular eye exams needed
Salazopyrin,sulfasalazine,immunological,Reduces joint inflammation in rheumatoid arthritis,"Nausea, headache, stomach upset, orange-colored urine",Take after meals; increase dose gradually; drink plenty of water,May reduce absorption of folic acid and digoxin
Arava,leflunomide,immunological,Slows joint damage in rheumatoid arthritis,"Diarrhea, nausea, hair loss, liver problems",Take once daily with or without food; regular liver tests needed,Avoid in pregnancy; caution with methotrexate and other liver drugs
Pangraf,tacrolimus,immunological,Prevents organ rejection and treats severe eczema,"Tremor, headache, kidney damage, high blood sugar",Take twice daily on empty stomach at consistent times,Avoid grapefruit; many drug interactions; regular monitoring needed
Enbrel,etanercept,immunological,Treats rheumatoid arthritis by blocking inflammatory proteins,"Injection site reactions, infections, headache, nausea",Inject under skin once or twice weekly as prescribed,Avoid with live vaccines; caution with other immune-suppressing drugs
Jakafi,tofacitinib,immunological,Treats rheumatoid arthritis when other medicines fail,"Infections, headache, diarrhea, high cholesterol",Take twice daily with or without food,Avoid with strong immunosuppressants; caution with CYP3A4 inhibitors
Tamoxifen,tamoxifen citrate,oncological,Treats and prevents hormone-sensitive breast cancer,"Hot flashes, nausea, leg cramps, blood clot risk",Take once daily at the same time with or without food,Avoid with blood thinners; do not use with other estrogen drugs
Imatinib,imatinib mesylate,oncological,Treats certain blood cancers by blocking abnormal proteins,"Nausea, swelling, muscle cramps, rash",Take with food and large glass of water; once or twice daily,Avoid with certain antifungals; caution with blood thinners
Capegard,capecitabine,oncological,Treats breast and colon cancer by stopping cell growth,"Hand-foot syndrome, diarrhea, nausea, fatigue",Take within 30 minutes after meals twice daily,Avoid with blood thinners; caution with phenytoin
Erlocip,erlotinib,oncological,Treats lung and pancreatic cancer by targeting growth signals,"Rash, diarrhea, loss of appetite, fatigue",Take on empty stomach 1 hour before or 2 hours after food,Avoid with antacids; caution with blood thinners and CYP3A4 drugs
Calutide,bicalutamide,oncological,Blocks male hormones to treat prostate cancer,"Hot flashes, breast pain, nausea, weakness",Take once daily at the same time with or without food,Caution with blood thinners; may interact with calcium channel blockers
Arimidex,anastrozole,oncological,Treats breast cancer by lowering estrogen levels,"Joint pain, hot flashes, weakness, bone thinning",Take once daily at the same time with or without food,Avoid with tamoxifen; few other significant interactions
Soranib,sorafenib,oncological,Treats kidney and liver cancer by blocking tumor blood supply,"Diarrhea, hand-foot skin reaction, fatigue, high blood pressure",Take twice daily on empty stomach 1 hour before food,Avoid with rifampicin; caution with blood thinners
Gefticip,gefitinib,oncological,Treats lung cancer with specific genetic mutations,"Diarrhea, rash, dry skin, nausea",Take once daily with or without food; swallow whole,Avoid with phenytoin and rifampicin; caution with blood thinners
Votrient,pazopanib,oncological,Treats kidney cancer by stopping new blood vessel growth,"Diarrhea, high blood pressure, hair color changes, nausea",Take once daily on empty stomach; swallow whole,Avoid with grapefruit; caution with liver-affecting medications
Certican,everolimus,oncological,Treats kidney cancer and certain tumors by blocking cell growth,"Mouth sores, infections, fatigue, rash",Take once daily at the same time with or without food,Avoid grapefruit; caution with antifungals and antibiotics
Forcan F,fluconazole,antifungal,Treats fungal infections of mouth and throat and blood,"Nausea, headache, stomach pain, diarrhea",Take once daily with or without food; complete full course,Many drug interactions with blood thinners and statins
Itaspor I,itraconazole,antifungal,Treats serious fungal infections of lungs and nails and skin,"Nausea, diarrhea, headache, liver problems",Take capsules with food; liquid on empty stomach,Many drug interactions; avoid with certain heart and cholesterol drugs
Nizral K,ketoconazole,antifungal,Treats fungal skin infections and dandruff,"Nausea, stomach pain, headache, liver damage risk",Take with food to improve absorption; complete full course,Many drug interactions; avoid with liver-toxic medications
Vfend V,voriconazole,antifungal,Treats life-threatening fungal infections in hospital,"Visual disturbances, fever, rash, liver problems",Take 1 hour before or after meals; monitor liver function,Many drug interactions; avoid with rifampicin and certain drugs
Fungizone,amphotericin B,antifungal,Treats severe systemic fungal infections in hospital,"Fever, chills, kidney damage, nausea, vomiting",Given by slow IV infusion in hospital; monitor kidney function,Avoid with other kidney-toxic drugs; caution with potassium levels
Grisovin,griseofulvin,antifungal,Treats fungal infections of skin and hair and nails,"Headache, nausea, rash, sensitivity to sunlight",Take with fatty food to improve absorption; complete full course,Reduces birth control effectiveness; avoid with alcohol
Cancidas,caspofungin,antifungal,Treats serious Candida and Aspergillus fungal infections,"Fever, headache, nausea, injection site reactions",Given by IV infusion once daily in hospital,Dose adjustment with rifampicin; caution with cyclosporine
Mycostatin,nystatin,antifungal,Treats fungal infections of mouth and intestines,"Nausea, vomiting, diarrhea, stomach pain",Swish oral liquid in mouth before swallowing; take 4 times daily,Few drug interactions; safe for localized fungal treatment
Terbinafine Tablet,terbinafine hydrochloride oral,antifungal,Treats fungal nail infections by killing the fungus,"Headache, diarrhea, rash, taste disturbance",Take once daily with or without food for 6-12 weeks,Caution with caffeine and blood thinners; monitor liver function
Mycamine M,micafungin,antifungal,Treats serious Candida infections and prevents fungal disease,"Nausea, headache, diarrhea, fever",Given by IV infusion once daily in hospital setting,Few significant interactions; caution with sirolimus and nifedipine
Acivir A,acyclovir,antiviral,Treats herpes and chickenpox viral infections,"Nausea, headache, diarrhea, kidney problems with high doses",Take with plenty of water 5 times daily; complete full course,Caution with kidney-toxic drugs; probenecid increases levels
Valcivir V,valacyclovir,antiviral,Treats herpes and shingles infections more conveniently,"Nausea, headache, dizziness, stomach pain",Take with or without food; drink plenty of water,Caution with kidney-toxic drugs; probenecid increases levels
Oseltamivir,oseltamivir phosphate,antiviral,Treats and prevents influenza (flu) if started early,"Nausea, vomiting, headache, stomach pain",Take twice daily with food; start within 48 hours of symptoms,Few significant drug interactions
Tenofovir,tenofovir disoproxil,antiviral,Treats hepatitis B and HIV infections long-term,"Nausea, diarrhea, headache, kidney effects",Take once daily with food; regular kidney monitoring needed,Avoid with other kidney-toxic drugs; caution with certain HIV drugs
Baraclude E,entecavir,antiviral,Treats chronic hepatitis B viral infection,"Headache, fatigue, dizziness, nausea",Take on empty stomach once daily; do not stop without doctor advice,Few significant interactions; caution with kidney-affecting drugs
Hepcvir,sofosbuvir,antiviral,Cures hepatitis C infection in combination with other drugs,"Fatigue, headache, nausea, insomnia",Take once daily with food as part of combination therapy,Avoid with rifampicin and certain seizure drugs
Rebetol,ribavirin,antiviral,Treats hepatitis C in combination with other antiviral drugs,"Anemia, fatigue, nausea, rash, mood changes",Take twice daily with food; not for use during pregnancy,Many drug interactions; avoid in pregnancy; caution with heart drugs
Hepitec,lamivudine,antiviral,Treats hepatitis B and HIV infections,"Headache, nausea, fatigue, diarrhea",Take once daily with or without food,Avoid with emtricitabine; caution with other liver-toxic drugs
Virovir,famciclovir,antiviral,Treats herpes zoster (shingles) and genital herpes,"Headache, nausea, diarrhea, dizziness",Take with or without food; start as soon as symptoms appear,Few significant interactions; dose adjustment in kidney disease
Covifor,remdesivir,antiviral,Treats certain severe viral infections in hospital,"Nausea, liver enzyme changes, rash, kidney effects",Given by IV infusion in hospital for prescribed duration,Avoid with chloroquine; monitor liver and kidney function
Tramadol,tramadol hydrochloride,analgesic,Relieves moderate to severe pain,"Nausea, dizziness, drowsiness, constipation",Take with or without food every 4-6 hours as needed,Avoid with MAO inhibitors and SSRIs; do not mix with alcohol
Paracetamol IV,paracetamol injection,analgesic,Reduces fever and pain when oral medication is not possible,"Nausea, injection site pain, liver damage in overdose",Given by IV infusion in hospital over 15 minutes,Avoid with other paracetamol-containing products; caution with liver drugs
Nucynta,tapentadol,analgesic,Relieves moderate to severe chronic pain,"Nausea, dizziness, drowsiness, constipation",Take with or without food; do not crush extended-release tablets,Avoid with MAO inhibitors; do not mix with alcohol or sedatives
Meftal,mefenamic acid,analgesic,Relieves mild to moderate pain and menstrual cramps,"Stomach pain, nausea, diarrhea, dizziness",Take with food; use for shortest time needed,Avoid with blood thinners; caution with kidney and liver drugs
Diclofenac Tablet,diclofenac sodium oral,analgesic,Reduces pain and inflammation in arthritis and injuries,"Stomach pain, nausea, dizziness, headache",Take with food 2-3 times daily; use lowest effective dose,Avoid with blood thinners; caution with blood pressure and kidney drugs
Ketorolac,ketorolac tromethamine,analgesic,Provides strong short-term pain relief after surgery,"Stomach pain, nausea, dizziness, drowsiness",Take for maximum 5 days; with or without food,Avoid with blood thinners and other NSAIDs; caution with kidney drugs
Aceclofenac Plus,aceclofenac + paracetamol,analgesic,Relieves pain and fever from various causes,"Stomach upset, nausea, dizziness, rash",Take after meals twice daily as prescribed,Avoid with blood thinners; do not exceed paracetamol daily limit
Flupirtine,flupirtine maleate,analgesic,Relieves acute pain without causing stomach irritation,"Dizziness, drowsiness, dry mouth, nausea",Take 3 times daily; use for shortest time possible,Monitor liver function; avoid with other liver-toxic drugs
Nefopam,nefopam hydrochloride,analgesic,Relieves moderate pain without being an opioid or NSAID,"Nausea, nervousness, dry mouth, sweating",Take 3 times daily with or without food,Avoid with MAO inhibitors; caution with anticholinergic drugs
Etoricoxib Plus,etoricoxib + thiocolchicoside,analgesic,Relieves muscle pain and stiffness with less stomach side effects,"Headache, dizziness, nausea, swelling",Take once daily after meals as prescribed,Avoid with blood thinners; caution with blood pressure medications
Esomeprazole D,esomeprazole + domperidone,antacid,Reduces stomach acid and relieves nausea and bloating,"Headache, diarrhea, dry mouth, stomach pain",Take before meals on empty stomach; usually once daily,Avoid with ketoconazole; may reduce absorption of some drugs
Lanzol,lansoprazole,antacid,Reduces stomach acid to heal ulcers and treat acid reflux,"Headache, diarrhea, nausea, stomach pain",Take before meals on empty stomach; once or twice daily,May reduce absorption of iron and vitamin B12 with long use
Famocid,famotidine,antacid,Reduces stomach acid for heartburn and ulcer relief,"Headache, dizziness, constipation, diarrhea",Take once or twice daily; can be before meals or at bedtime,May affect absorption of certain antifungal medications
Aluminium Hydroxide,aluminium hydroxide gel,antacid,Provides quick relief from stomach acid and indigestion,"Constipation, nausea, chalky taste",Take between meals and at bedtime; shake liquid well,Take 2 hours apart from antibiotics and other medications
Sodamint,sodium bicarbonate,antacid,Provides rapid relief from heartburn and acid indigestion,"Gas, bloating, increased thirst, stomach cramps",Dissolve in water and take after meals; not for regular use,Avoid with many medications; may affect absorption of other drugs
Levocetirizine,levocetirizine dihydrochloride,antiallergic,Relieves allergy symptoms with less drowsiness than cetirizine,"Mild drowsiness, dry mouth, headache, fatigue",Take once daily in the evening; can be with or without food,Avoid alcohol; may cause mild drowsiness with sedatives
Deslor,desloratadine,antiallergic,Provides long-lasting allergy relief without drowsiness,"Headache, dry mouth, fatigue, muscle pain",Take once daily with or without food at the same time,Few significant drug interactions
Montelukast Alone,montelukast sodium alone,antiallergic,Prevents asthma attacks and controls seasonal allergies,"Headache, stomach pain, fatigue, mood changes",Take once daily in the evening; can be with or without food,Few drug interactions; inform doctor about mood changes
Bilanoa,bilastine,antiallergic,Treats allergic rhinitis and hives without causing drowsiness,"Headache, drowsiness, dizziness, fatigue",Take once daily on empty stomach 1 hour before food,Avoid with grapefruit juice; few other drug interactions
Rupanex,rupatadine,antiallergic,Treats allergic rhinitis and chronic hives effectively,"Drowsiness, headache, fatigue, dry mouth",Take once daily with or without food,Avoid with grapefruit; caution with ketoconazole and erythromycin
Prasita,prasugrel,antiplatelet,Prevents blood clots after heart stent placement,"Bleeding, bruising, headache, back pain",Take once daily with or without food; do not stop without asking doctor,Avoid with blood thinners; caution with NSAIDs
Brilinta T,ticagrelor,antiplatelet,Prevents blood clots after heart attack or stent,"Bleeding, breathlessness, headache, dizziness",Take twice daily with or without food; do not stop suddenly,Avoid with strong CYP3A4 inhibitors; limit aspirin dose
Pletoz,cilostazol,antiplatelet,Improves blood flow in legs and reduces cramping while walking,"Headache, diarrhea, dizziness, fast heartbeat",Take 30 minutes before or 2 hours after meals,Avoid with grapefruit; caution with blood thinners
Persantin,dipyridamole,antiplatelet,Prevents blood clots with artificial heart valves,"Headache, dizziness, nausea, stomach upset",Take on empty stomach 1 hour before meals; 3-4 times daily,May increase effect of blood thinners; caution with adenosine
Pravastatin,pravastatin sodium,statin,Lowers cholesterol with fewer muscle side effects,"Muscle pain, nausea, headache, dizziness",Take once daily at bedtime; can be with or without food,Fewer interactions than other statins; caution with cyclosporine
Simvotin,simvastatin,statin,Lowers cholesterol and reduces heart disease risk,"Muscle pain, headache, nausea, constipation",Take once daily at bedtime; avoid grapefruit,Avoid grapefruit; many drug interactions with antibiotics
Fluvastatin,fluvastatin sodium,statin,Lowers cholesterol with good tolerability,"Headache, stomach upset, muscle pain, insomnia",Take once daily at bedtime; can be with or without food,Fewer drug interactions; caution with blood thinners
Pitavastatin,pitavastatin calcium,statin,Lowers cholesterol effectively at low doses,"Muscle pain, constipation, back pain, diarrhea",Take once daily at any time with or without food,Fewer interactions; caution with cyclosporine and erythromycin
Lipicard F,fenofibrate,statin,Lowers triglycerides and raises good cholesterol,"Stomach upset, muscle pain, headache, dizziness",Take with meals once daily,Caution with statins; avoid with kidney disease and blood thinners
Thyrox,levothyroxine sodium 50mcg,thyroid,Maintains thyroid hormone levels in hypothyroidism,"Weight changes, tremor, sweating, fast heartbeat if overdosed",Take on empty stomach 30-60 minutes before breakfast daily,Take 4 hours apart from calcium and iron; avoid with soy products
Neomercazole,carbimazole,thyroid,Reduces excess thyroid hormone in overactive thyroid,"Rash, joint pain, nausea, low white blood cells (rare)",Take 2-3 times daily initially; once daily as maintenance,Caution with blood thinners; report any signs of infection
PTU,propylthiouracil tablet,thyroid,Treats overactive thyroid especially in early pregnancy,"Rash, joint pain, nausea, liver problems (rare)",Take 3 times daily; regular thyroid and liver function tests,Caution with blood thinners; report sore throat or fever
Calcimax,calcium + vitamin D3 forte,vitamin,Prevents osteoporosis and strengthens bones and teeth,"Constipation, gas, nausea, stomach discomfort",Take after meals; chew tablets before swallowing if chewable,Take 2-4 hours apart from thyroid and antibiotic medications
Vitamin E,tocopherol acetate,vitamin,Antioxidant that supports skin health and immune function,"Nausea, diarrhea, fatigue, blurred vision in high doses",Take once daily with food; do not exceed recommended dose,Caution with blood thinners; may increase bleeding risk
Neurobion,vitamin B1 + B6 + B12,vitamin,Treats nerve pain and vitamin B deficiency,"Mild nausea, stomach upset, allergic reactions (rare)",Take once daily after meals,High doses of B6 may interfere with levodopa for Parkinson
Meconerv,methylcobalamin,vitamin,Treats vitamin B12 deficiency and nerve-related problems,"Nausea, headache, diarrhea, injection site pain",Take once daily or as injection; with or without food,Few drug interactions; metformin may reduce B12 absorption
Vitamin D3,cholecalciferol,vitamin,Treats vitamin D deficiency and supports bone health,"Nausea, constipation, weakness if taken in excess",Take once weekly or daily as prescribed; with fatty food,Caution with thiazide diuretics; monitor calcium levels
Iron Folic,ferrous fumarate + folic acid,vitamin,Prevents anemia during pregnancy and treats iron deficiency,"Nausea, constipation, dark stools, stomach upset",Take on empty stomach; avoid with tea and coffee,Take 2 hours apart from antacids and calcium supplements
Omega-3,omega-3 fatty acids,vitamin,Supports heart health and lowers triglyceride levels,"Fishy aftertaste, stomach upset, diarrhea",Take with meals 1-2 times daily; keep refrigerated,Caution with blood thinners; may increase bleeding time
Indocap,indomethacin,anti-inflammatory,Treats severe arthritis and gout inflammation,"Stomach pain, headache, dizziness, nausea",Take with food 2-3 times daily; use lowest effective dose,Avoid with blood thinners and lithium; caution with kidney drugs
Cobix,celecoxib,anti-inflammatory,Reduces arthritis pain with less stomach irritation,"Stomach pain, headache, dizziness, swelling",Take once or twice daily with or without food,Avoid with blood thinners; caution with lithium and ACE inhibitors
Muvera,meloxicam,anti-inflammatory,Treats arthritis pain and stiffness once daily,"Stomach pain, nausea, dizziness, headache",Take once daily with food; use lowest effective dose,Avoid with blood thinners; caution with lithium and methotrexate
Froben,flurbiprofen,anti-inflammatory,Reduces pain and inflammation in muscles and joints,"Stomach pain, nausea, headache, dizziness",Take 2-3 times daily with food,Avoid with blood thinners; caution with lithium and methotrexate
Tobitil,tenoxicam,anti-inflammatory,Provides once-daily relief from arthritis inflammation,"Stomach pain, nausea, headache, dizziness",Take once daily with food; use for shortest duration,Avoid with blood thinners; caution with diuretics and lithium
Dettol Liquid,chloroxylenol,antiseptic,Kills germs on skin and prevents infection in wounds,"Mild skin irritation, dryness",Dilute and apply to affected area; do not use full strength on skin,For external use only; do not ingest
Savlon,cetrimide + chlorhexidine,antiseptic,Cleans and disinfects cuts and wounds to prevent infection,"Mild skin irritation, allergic rash (rare)",Apply diluted solution to wound; rinse with clean water first,For external use only; avoid contact with eyes and ears
Hydrogen Peroxide,hydrogen peroxide 3%,antiseptic,Cleans wounds by releasing oxygen to kill germs,"Mild stinging, skin whitening temporarily",Apply directly to wound; let it bubble; pat dry,For external use only; do not use on deep wounds
Formoterol,formoterol fumarate,bronchodilator,Opens airways for long-term asthma and COPD control,"Tremor, headache, fast heartbeat, muscle cramps",Inhale twice daily at regular intervals; not for acute attacks,Caution with beta-blockers; avoid with other long-acting inhalers
Uniphyllin,theophylline,bronchodilator,Opens airways and improves breathing in asthma and COPD,"Nausea, headache, fast heartbeat, insomnia",Take at regular intervals; do not crush extended-release tablets,Many drug interactions; avoid with ciprofloxacin and erythromycin
Nasivion,oxymetazoline,decongestant,Quickly relieves stuffy nose from colds and allergies,"Nasal dryness, sneezing, rebound congestion with overuse",Use 2-3 drops in each nostril twice daily; maximum 3 days,Do not use with MAO inhibitors; avoid prolonged use
Phenylephrine,phenylephrine hydrochloride,decongestant,Relieves nasal congestion from colds and sinusitis,"Headache, nausea, restlessness, increased blood pressure",Take every 4-6 hours as needed; do not exceed daily dose,Avoid with MAO inhibitors; caution with blood pressure medications
Metoclopramide,metoclopramide hydrochloride,antiemetic,Relieves nausea and vomiting and speeds stomach emptying,"Drowsiness, restlessness, diarrhea, fatigue",Take 30 minutes before meals and at bedtime,Avoid with dopamine agonists; caution with Parkinson medications
Prochlorperazine,prochlorperazine maleate,antiemetic,Treats severe nausea and vomiting and vertigo,"Drowsiness, dizziness, dry mouth, muscle stiffness",Take 3 times daily or as needed; can be with or without food,Avoid alcohol; caution with other sedating medications
Graniforce,granisetron,antiemetic,Prevents nausea and vomiting from chemotherapy,"Headache, constipation, weakness, dizziness",Take 1 hour before chemotherapy; once or twice daily,Caution with medications that affect heart rhythm
Redotil,racecadotril,antidiarrheal,Reduces intestinal fluid loss to treat watery diarrhea,"Headache, nausea, constipation, rash",Take 3 times daily at start of main meals until diarrhea stops,Caution with ACE inhibitors; few other drug interactions
Saccharomyces,saccharomyces boulardii,antidiarrheal,Restores gut bacteria balance to treat and prevent diarrhea,"Mild gas, bloating, thirst",Take 1-2 capsules daily; can be opened and mixed with food,Avoid with antifungal medications; safe with antibiotics
Duphalac L,lactulose,laxative,Softens stool by drawing water into bowel for gentle relief,"Bloating, gas, stomach cramps, diarrhea",Take once or twice daily; may take 1-2 days to work,Few drug interactions; safe for regular use if needed
Ispaghula,ispaghula husk,laxative,Adds bulk to stool for natural and gentle bowel movement,"Bloating, gas, stomach cramps initially",Mix in glass of water and drink immediately; take with plenty of fluid,Take 2 hours apart from other medications; may slow absorption
Polyethylene Glycol,polyethylene glycol 3350,laxative,Treats constipation by softening stool with water retention,"Bloating, nausea, stomach cramps, diarrhea",Dissolve in water once daily; usually works within 1-3 days,Few drug interactions; safe for short to medium-term use
Electral,oral rehydration salts plus zinc,rehydration,Replaces lost salts and fluids with added zinc for recovery,Mild nausea if taken too fast,Dissolve in 1 litre clean water; sip frequently throughout day,No significant drug interactions; safe with most medications
Iodex,methyl salicylate + menthol,topical analgesic,Provides warming relief from muscle aches and joint pain,"Skin redness, mild burning, irritation",Apply and massage on affected area 2-3 times daily,For external use only; avoid on broken skin and near eyes
Relispray,diclofenac diethylamine spray,topical analgesic,Sprays on pain relief for muscles and joints without rubbing,"Skin irritation, redness, mild tingling",Spray on affected area 3-4 times daily; do not massage,For external use only; avoid on wounds and near eyes
Dolonex Gel,piroxicam gel,topical anti-inflammatory,Reduces joint and muscle inflammation when applied to skin,"Skin irritation, redness, itching at application site",Apply thin layer 3-4 times daily; gently massage into skin,Do not cover with tight bandage; avoid contact with eyes
Ketoderm,ketoprofen gel,topical anti-inflammatory,Reduces pain and swelling in muscles and joints topically,"Skin irritation, redness, sun sensitivity at application site",Apply 2-3 times daily; avoid sun exposure on treated area,Avoid sun on treated area; do not use with occlusive dressings
Dexilant,dexlansoprazole,proton pump inhibitor,Provides longer acid suppression for stubborn heartburn,"Diarrhea, stomach pain, nausea, flatulence",Take once daily before a meal; swallow capsule whole,May reduce absorption of some medications; inform doctor of all drugs
Ilapro,ilaprazole,proton pump inhibitor,Reduces stomach acid and heals acid damage effectively,"Headache, nausea, diarrhea, dizziness",Take before meals once daily on empty stomach,May affect absorption of some medications
Chlorpheniramine,chlorpheniramine maleate,antihistamine,Relieves allergy symptoms like sneezing and itching,"Drowsiness, dry mouth, dizziness, blurred vision",Take every 4-6 hours as needed; causes drowsiness,Avoid alcohol; do not drive; avoid with other sedating drugs
Hydroxyzine,hydroxyzine hydrochloride,antihistamine,Treats allergies and anxiety and helps with sleep,"Drowsiness, dry mouth, dizziness, headache",Take 2-3 times daily or at bedtime for sleep,Avoid alcohol; increases drowsiness with other sedating drugs
Promethazine,promethazine hydrochloride,antihistamine,Treats allergies and nausea and helps with sleep,"Drowsiness, dry mouth, blurred vision, dizziness",Take at bedtime or 2-3 times daily as prescribed,Avoid alcohol; do not give to children under 2 years
Secnil,secnidazole,antiprotozoal,Treats intestinal and vaginal infections with single dose,"Nausea, metallic taste, headache, stomach upset",Take as single dose with food; complete treatment as prescribed,Strictly avoid alcohol for 48 hours; caution with blood thinners
Ornof,ornidazole,antiprotozoal,Treats intestinal parasitic and bacterial infections,"Nausea, headache, dizziness, metallic taste",Take with meals; complete full course as prescribed,Avoid alcohol during treatment; caution with blood thinners
Zentel A,albendazole,antiprotozoal,Kills intestinal worms and parasites effectively,"Stomach pain, nausea, headache, dizziness",Take with food for better absorption; may need repeat dose,Caution with liver drugs; avoid in early pregnancy
Vermox,mebendazole,antiprotozoal,Treats various intestinal worm infections,"Stomach pain, diarrhea, flatulence, dizziness",Chew or swallow with water; may need repeat after 2 weeks,Caution with metronidazole; few other interactions
Ivecop,ivermectin,antiprotozoal,Treats parasitic infections including roundworm and scabies,"Dizziness, nausea, diarrhea, skin rash",Take on empty stomach with water; single dose usually sufficient,Avoid with blood thinners; caution in liver disease
Onglyza S,saxagliptin,antidiabetic,Helps body use insulin better to lower blood sugar,"Headache, urinary infection, upper respiratory infection",Take once daily with or without food at the same time,Dose adjustment with strong CYP3A4 inhibitors; monitor blood sugar
Glucobay A,acarbose,antidiabetic,Slows carbohydrate digestion to prevent blood sugar spikes,"Bloating, gas, diarrhea, stomach cramps",Take with the first bite of each main meal,Caution with digestive enzymes; may need insulin dose adjustment
Glynase G,glipizide,antidiabetic,Stimulates insulin release from pancreas for diabetes control,"Low blood sugar, nausea, weight gain, dizziness",Take 30 minutes before breakfast; do not skip meals,Avoid with alcohol; caution with beta-blockers and sulfonamides
Verapamil,verapamil hydrochloride,cardiac,Controls blood pressure and irregular heartbeat,"Constipation, headache, dizziness, swelling",Take with food 2-3 times daily; do not take with grapefruit,Avoid with beta-blockers; many drug interactions
Propranolol,propranolol hydrochloride,cardiac,Treats high blood pressure and prevents migraine and tremor,"Tiredness, cold hands, slow heartbeat, dizziness",Take 2-3 times daily with food; do not stop suddenly,Avoid with verapamil; caution with diabetes and asthma drugs
Korandil,nicorandil,cardiac,Prevents and treats chest pain by opening blood vessels,"Headache, flushing, dizziness, nausea",Take twice daily with or without food,Never use with PDE5 inhibitors; caution with blood pressure drugs
Isosorbide Mono,isosorbide mononitrate,cardiac,Prevents chest pain episodes in heart disease,"Headache, dizziness, flushing, fast heartbeat",Take once daily in the morning; leave 12-hour gap at night,Never use with sildenafil or tadalafil; avoid alcohol
Dobuject,dobutamine,cardiac,Strengthens heart contractions in severe heart failure,"Fast heartbeat, headache, nausea, chest pain",Given by IV drip in hospital; continuous monitoring required,Caution with beta-blockers; monitor heart rhythm closely
Phyllocontin,aminophylline,respiratory,Opens airways in severe asthma attacks in hospital,"Nausea, headache, fast heartbeat, restlessness",Given by IV in hospital or oral tablets 2-3 times daily,Many drug interactions with antibiotics; avoid caffeine excess
Beclomethasone,beclomethasone dipropionate,respiratory,Prevents asthma attacks by reducing airway inflammation,"Oral thrush, hoarseness, cough, sore throat",Inhale twice daily; rinse mouth after each use,Caution with ketoconazole; few systemic interactions
Cromoglicate,sodium cromoglicate,respiratory,Prevents asthma and allergic symptoms before exposure,"Cough, throat irritation, headache, nausea",Inhale 4 times daily regularly; not for acute attacks,Few drug interactions; safe for long-term preventive use
T-Bact M,mupirocin,dermatological,Treats bacterial skin infections like impetigo,"Mild burning, stinging, itching at application site",Apply thin layer 3 times daily for 5-10 days,Few drug interactions; do not mix with other topical creams
Calamine,calamine lotion,dermatological,Soothes itching and irritation from rashes and insect bites,"Mild skin dryness, rare allergic reaction",Apply to affected area as needed; shake well before use,For external use only; no significant drug interactions
Silverex S,silver sulfadiazine,dermatological,Prevents and treats infections in burns and wounds,"Mild burning, skin discoloration, rash",Apply thin layer on burn area once or twice daily,Avoid in sulfa allergy; caution with enzyme-based wound products
Brevoxyl,benzoyl peroxide,dermatological,Treats acne by killing bacteria and unclogging pores,"Skin dryness, peeling, redness, mild stinging",Apply thin layer once or twice daily; start with lower strength,May bleach fabrics; avoid with other drying acne treatments
Retino,tretinoin,dermatological,Treats acne and improves skin texture by promoting cell turnover,"Skin dryness, peeling, redness, sun sensitivity",Apply thin layer at bedtime on clean dry skin,Avoid with other retinoids; always use sunscreen during the day
Travoprost,travoprost ophthalmic,ophthalmic,Lowers eye pressure in glaucoma effectively,"Eye redness, iris color change, eyelash growth, stinging",Put 1 drop in affected eye once daily in the evening,Remove contact lenses before use; few systemic interactions
Prednisolone Eye,prednisolone acetate ophthalmic,ophthalmic,Reduces eye inflammation after surgery or infection,"Increased eye pressure, blurred vision, eye irritation",Put 1-2 drops 2-4 times daily; shake well before use,Monitor eye pressure with long use; caution with glaucoma
Natamycin,natamycin ophthalmic,ophthalmic,Treats fungal infections of the eye,"Eye irritation, swelling, blurred vision, tearing",Put 1 drop every 1-2 hours initially; reduce as infection improves,Few systemic interactions; complete full course of treatment
Donepezil,donepezil hydrochloride,neurological,Improves memory and thinking in Alzheimer disease,"Nausea, diarrhea, insomnia, muscle cramps",Take once daily at bedtime; can be with or without food,Caution with heart rhythm drugs; may interact with muscle relaxants
Memantine,memantine hydrochloride,neurological,Slows memory decline in moderate to severe Alzheimer disease,"Dizziness, headache, constipation, confusion",Take once or twice daily with or without food,Avoid with amantadine; caution with drugs affecting urine pH
Pramipex P,pramipexole,neurological,Treats Parkinson disease symptoms and restless legs,"Nausea, dizziness, drowsiness, sudden sleep episodes",Take 3 times daily with meals; increase dose gradually,Avoid with dopamine antagonists; caution with other sedatives
Ropark R,ropinirole,neurological,Treats Parkinson disease and restless legs syndrome,"Nausea, dizziness, drowsiness, hallucinations",Take 3 times daily; increase dose gradually over weeks,Avoid with ciprofloxacin; caution with other sedating medications
Levodopa,levodopa + carbidopa,neurological,Primary treatment for Parkinson disease movement symptoms,"Nausea, dizziness, involuntary movements, dark urine",Take 30 minutes before meals; multiple times daily,Avoid with MAO-B inhibitors high dose; protein may reduce absorption
Duvanta,duloxetine,psychiatric,Treats depression and anxiety and nerve pain,"Nausea, dry mouth, drowsiness, constipation",Take once daily with or without food; swallow whole,Avoid with MAO inhibitors; caution with blood thinners
Venlor,venlafaxine,psychiatric,Treats depression and anxiety and panic disorder,"Nausea, headache, dizziness, sweating",Take with food; extended-release once daily; do not stop suddenly,Avoid with MAO inhibitors; caution with blood thinners
Mirtaz,mirtazapine,psychiatric,Treats depression and improves sleep and appetite,"Drowsiness, weight gain, dry mouth, dizziness",Take at bedtime; can be with or without food,Avoid with MAO inhibitors; avoid alcohol
Arpizol,aripiprazole,psychiatric,Treats schizophrenia and bipolar disorder with fewer side effects,"Restlessness, headache, nausea, insomnia",Take once daily with or without food,Caution with CYP3A4 and CYP2D6 inhibitors; dose may need adjustment
Senorm,haloperidol,psychiatric,Controls severe psychosis and agitation,"Muscle stiffness, tremor, drowsiness, weight gain",Take 1-3 times daily as prescribed; start with low dose,Avoid alcohol; many drug interactions with heart and seizure drugs
Emeset Oral,ondansetron oral,gastrointestinal,Prevents nausea and vomiting from various causes,"Headache, constipation, dizziness, fatigue",Take 30 minutes before trigger or as prescribed,Caution with medications that affect heart rhythm
Pepto B,bismuth subsalicylate,gastrointestinal,Treats upset stomach and diarrhea and heartburn,"Dark tongue, dark stools, constipation",Take as needed up to 8 doses per day; shake liquid well,Avoid with blood thinners and aspirin; not for children with flu
Hyoscine,hyoscine butylbromide,gastrointestinal,Relieves stomach and intestinal cramps and spasms quickly,"Dry mouth, dizziness, blurred vision, fast heartbeat",Take 3-5 times daily as needed for cramps,Avoid with other anticholinergic drugs; caution with glaucoma
Ranitidine Oral,ranitidine hydrochloride,gastrointestinal,Reduces stomach acid for heartburn and ulcer treatment,"Headache, dizziness, constipation, diarrhea",Take once or twice daily before meals or at bedtime,May affect absorption of some antifungal and HIV medications
Probiotics,lactobacillus + bifidobacterium,gastrointestinal,Restores healthy gut bacteria after antibiotics or illness,"Mild gas, bloating initially",Take 1-2 capsules daily with or after meals,Take 2 hours apart from antibiotics for best effect
Alendronate,alendronate sodium,endocrine,Strengthens bones and prevents fractures in osteoporosis,"Stomach upset, heartburn, muscle pain, headache",Take first thing in morning on empty stomach with full glass of water,Do not lie down for 30 minutes; take apart from calcium and food
Risedronate,risedronate sodium,endocrine,Treats and prevents osteoporosis and Paget disease,"Stomach upset, headache, muscle pain, joint pain",Take first thing in morning with full glass of water; sit upright,Do not lie down for 30 minutes; space from calcium supplements
Raloxifene,raloxifene hydrochloride,endocrine,Prevents bone loss and reduces breast cancer risk after menopause,"Hot flashes, leg cramps, blood clot risk, joint pain",Take once daily at any time with or without food,Avoid with blood thinners; do not use with estrogen therapy
Octreotide,octreotide acetate,endocrine,Controls excess hormone production in certain tumors,"Nausea, diarrhea, stomach pain, gallstones with long use",Given by injection as prescribed; store in refrigerator,May affect insulin needs; caution with heart rhythm medications
Forteo,teriparatide,endocrine,Builds new bone in severe osteoporosis with fracture risk,"Dizziness, leg cramps, nausea, joint pain",Inject under skin once daily; rotate injection sites,Caution with digoxin; avoid with radiation therapy history
Darbepoetin,darbepoetin alfa,hematological,Treats anemia in kidney disease with less frequent injections,"High blood pressure, headache, diarrhea, joint pain",Given by injection every 1-2 weeks as prescribed,May need iron supplementation; monitor blood pressure
Phytomenadione,phytomenadione (vitamin K1),hematological,Treats and prevents bleeding from vitamin K deficiency,"Injection site reactions, allergic reactions (rare)",Given by injection or taken orally as prescribed,Interacts with blood thinners; monitor INR closely
Revolade,eltrombopag,hematological,Increases platelet count in immune thrombocytopenia,"Nausea, diarrhea, liver problems, headache",Take on empty stomach; avoid dairy and calcium 4 hours before/after,Avoid with antacids; caution with statins; monitor liver function
Exemptia,adalimumab,immunological,Treats rheumatoid arthritis and inflammatory bowel disease,"Injection site reactions, infections, headache, rash",Inject under skin every 2 weeks as prescribed,Avoid live vaccines; monitor for infections and tuberculosis
Olumiant,baricitinib,immunological,Treats moderate to severe rheumatoid arthritis,"Infections, nausea, high cholesterol, blood clots",Take once daily with or without food,Avoid with strong immunosuppressants; monitor blood counts
Zurig,febuxostat,musculoskeletal,Lowers uric acid in gout when allopurinol is not tolerated,"Liver problems, nausea, joint pain, rash",Take once daily with or without food,Avoid with azathioprine and mercaptopurine
Flexura,metaxalone,musculoskeletal,Relaxes muscles to relieve pain from sprains and strains,"Drowsiness, dizziness, headache, nausea",Take 3-4 times daily with or without food,Avoid alcohol; caution with other sedating medications
Liofen,baclofen,musculoskeletal,Relaxes muscles and reduces spasticity from nerve conditions,"Drowsiness, dizziness, weakness, nausea",Take 3 times daily; increase dose gradually; do not stop suddenly,Avoid alcohol; caution with other CNS depressants
Leflunomide Bone,leflunomide,musculoskeletal,Reduces joint inflammation and damage in rheumatoid arthritis,"Diarrhea, nausea, hair loss, liver problems",Take once daily with or without food; regular liver monitoring,Avoid in pregnancy; caution with methotrexate
Dynapar ART,diacerein,musculoskeletal,Slows cartilage breakdown in osteoarthritis for joint protection,"Diarrhea, stomach pain, dark urine, skin rash",Take with meals once or twice daily,Caution with laxatives; may increase effect of blood thinners
Enablex,darifenacin,urological,Controls overactive bladder and reduces urine urgency,"Dry mouth, constipation, headache, stomach pain",Take once daily with or without food; swallow whole,Avoid with strong CYP3A4 inhibitors; caution with anticholinergics
Megalis,tadalafil,urological,Treats enlarged prostate symptoms and improves urine flow,"Headache, back pain, muscle aches, flushing",Take once daily at the same time,Never use with nitrates; avoid with alpha-blockers initially
Flavoxate,flavoxate hydrochloride,urological,Relieves bladder spasms and painful urination,"Nausea, dry mouth, drowsiness, blurred vision",Take 3-4 times daily with or without food,Caution with other anticholinergic drugs
Miconazole Oral,miconazole oral gel,antifungal,Treats fungal infections of the mouth and throat,"Nausea, vomiting, diarrhea, altered taste",Apply gel to affected area 4 times daily after meals,Caution with blood thinners; keep in mouth as long as possible
Clotrimazole Lozenge,clotrimazole troche,antifungal,Treats oral thrush by dissolving antifungal in the mouth,"Nausea, vomiting, unpleasant taste",Dissolve slowly in mouth 5 times daily for 14 days,Few systemic interactions; complete full course
Cytovene,ganciclovir,antiviral,Treats serious CMV viral infections in immunocompromised,"Low blood counts, nausea, diarrhea, fever",Given by IV or taken orally as prescribed; regular blood tests,Avoid with other bone marrow-suppressing drugs
Adefovir,adefovir dipivoxil,antiviral,Treats chronic hepatitis B when other drugs are resistant,"Weakness, headache, stomach pain, kidney effects",Take once daily with or without food; monitor kidney function,Caution with other kidney-toxic drugs
Zolpidem,zolpidem tartrate,sedative,Helps initiate sleep in short-term insomnia,"Drowsiness, dizziness, headache, memory problems",Take immediately before bedtime; allow 7-8 hours for sleep,Avoid alcohol; do not drive; habit-forming with long use
Zopicon,zopiclone,sedative,Treats insomnia by helping you fall asleep faster,"Metallic taste, drowsiness, dry mouth, dizziness",Take at bedtime; use lowest effective dose for shortest time,Avoid alcohol; habit-forming; do not drive next morning
Meloset,melatonin,sedative,Regulates sleep cycle and helps with jet lag and insomnia,"Drowsiness, headache, dizziness, nausea",Take 30-60 minutes before bedtime,Caution with blood thinners and diabetes medications
Dicyclomine,dicyclomine hydrochloride,antispasmodic,Relieves stomach and intestinal cramps from irritable bowel,"Dry mouth, dizziness, blurred vision, drowsiness",Take 3-4 times daily before meals,Avoid with other anticholinergic drugs; caution in heat
Mebeverine,mebeverine hydrochloride,antispasmodic,Relieves gut spasms in irritable bowel syndrome,"Mild constipation, dizziness, heartburn (rare)",Take 3 times daily 20 minutes before meals,Few drug interactions; safe for long-term IBS management
Pinaverium,pinaverium bromide,antispasmodic,Reduces painful gut spasms in irritable bowel syndrome,"Stomach upset, nausea, heartburn (rare)",Take with food 3 times daily; swallow whole with water,Few drug interactions; do not crush or chew tablets
Otilonium,otilonium bromide,antispasmodic,Controls abdominal pain and bloating in irritable bowel,"Nausea, headache, dry mouth (rare)",Take 2-3 times daily before meals,Few drug interactions; safe for regular IBS use
Trimebutine,trimebutine maleate,antispasmodic,Regulates gut movement to relieve IBS symptoms,"Drowsiness, dizziness, dry mouth, nausea",Take 3 times daily before meals,Few drug interactions; caution with other sedating medications
Frisium C,clobazam,antiepileptic,Controls seizures as add-on therapy in epilepsy,"Drowsiness, dizziness, irritability, drooling",Take once or twice daily; do not stop suddenly,Avoid alcohol; caution with other seizure medications
Zonegran Z,zonisamide,antiepileptic,Prevents partial seizures in epilepsy,"Drowsiness, dizziness, loss of appetite, kidney stones",Take once or twice daily with or without food; drink plenty of water,Caution with carbonic anhydrase inhibitors; avoid in sulfa allergy
Vimpat,lacosamide,antiepileptic,Controls partial seizures as add-on or sole therapy,"Dizziness, headache, nausea, double vision",Take twice daily with or without food,Caution with heart rhythm drugs; may interact with other seizure meds
Zarontin,ethosuximide,antiepileptic,Prevents absence seizures (staring spells) in children,"Nausea, vomiting, loss of appetite, drowsiness",Take once or twice daily with food to reduce stomach upset,Caution with other seizure medications; regular blood monitoring
Fycompa,perampanel,antiepileptic,Controls partial and generalized seizures in epilepsy,"Dizziness, drowsiness, fatigue, irritability",Take once daily at bedtime; do not stop suddenly,Avoid alcohol; enzyme-inducing drugs may reduce effectiveness
Acitrom A,acenocoumarol,anticoagulant,Prevents blood clots in heart and vein conditions,"Bleeding, bruising, nausea, hair loss",Take at the same time daily; regular blood tests needed,Many food and drug interactions; maintain consistent vitamin K intake
Arixtra,fondaparinux,anticoagulant,Prevents blood clots after surgery and in vein thrombosis,"Bleeding, anemia, nausea, injection site bruising",Inject under skin once daily as prescribed,Avoid with other blood thinners; caution with kidney disease
Heparin,heparin sodium,anticoagulant,Prevents and treats blood clots rapidly in hospital,"Bleeding, bruising, low platelets, injection site pain",Given by injection in hospital; continuous monitoring needed,Avoid with aspirin unless prescribed; many drug interactions
Angiomax,bivalirudin,anticoagulant,Prevents blood clotting during heart procedures,"Bleeding, back pain, nausea, headache",Given by IV during heart procedures only,Avoid with other anticoagulants during procedure
Savaysa,edoxaban,anticoagulant,Prevents stroke and treats blood clots in veins,"Bleeding, bruising, rash, anemia",Take once daily with or without food,Avoid with rifampicin; caution with aspirin and NSAIDs
Flecainide,flecainide acetate,antiarrhythmic,Controls irregular heartbeat in specific heart conditions,"Dizziness, blurred vision, headache, nausea",Take twice daily with or without food at regular intervals,Avoid with other antiarrhythmic drugs; caution with beta-blockers
Sotalol,sotalol hydrochloride,antiarrhythmic,Controls irregular heartbeat and lowers heart rate,"Tiredness, dizziness, slow heartbeat, breathlessness",Take twice daily on empty stomach; do not stop suddenly,Avoid with other heart rhythm drugs; caution with diabetes drugs
Mexitil,mexiletine,antiarrhythmic,Controls ventricular irregular heartbeat,"Nausea, dizziness, tremor, heartburn",Take with food 3 times daily to reduce stomach upset,Many drug interactions; avoid with other antiarrhythmic drugs
Multaq D,dronedarone,antiarrhythmic,Prevents recurrence of irregular heartbeat episodes,"Diarrhea, nausea, rash, slow heartbeat",Take twice daily with meals,Many drug interactions; avoid grapefruit and other rhythm drugs
Adenocard,adenosine,antiarrhythmic,Rapidly converts certain fast heartbeats to normal rhythm,"Chest tightness, flushing, breathlessness, headache",Given by rapid IV injection in hospital emergency setting,Avoid caffeine before use; dipyridamole increases its effect
Lasix F,furosemide,diuretic,Removes excess fluid to treat swelling and high blood pressure,"Low potassium, dehydration, dizziness, muscle cramps",Take in the morning to avoid nighttime urination,Monitor potassium; caution with lithium and aminoglycosides
Aldactone S,spironolactone,diuretic,Removes fluid while saving potassium for heart failure,"High potassium, breast tenderness, dizziness, nausea",Take with food once or twice daily,Avoid potassium supplements; caution with ACE inhibitors
Dytor T,torsemide,diuretic,Removes excess fluid more effectively than furosemide,"Dizziness, headache, excessive urination, low potassium",Take once daily in the morning; monitor kidney function,Monitor potassium; caution with lithium and aminoglycosides
Telday,chlorthalidone,diuretic,Lowers blood pressure by removing excess salt and water,"Low potassium, dizziness, increased blood sugar, fatigue",Take once daily in the morning,Monitor potassium; caution with lithium and diabetes medications
Amiloride,amiloride hydrochloride,diuretic,Mild water pill that keeps potassium levels stable,"Nausea, dizziness, headache, high potassium",Take once daily in the morning with food,Avoid potassium supplements; do not use with other potassium-sparing drugs
Apresoline,hydralazine,vasodilator,Lowers blood pressure by relaxing blood vessel walls,"Headache, fast heartbeat, flushing, joint pain",Take 2-4 times daily with food,Caution with other blood pressure drugs; may cause lupus-like syndrome
Loniten M,minoxidil oral,vasodilator,Treats severe high blood pressure not controlled by other drugs,"Fluid retention, excess hair growth, fast heartbeat",Take once or twice daily; usually with a diuretic and beta-blocker,Must use with diuretic; caution with other blood pressure medications
Trental P,pentoxifylline,vasodilator,Improves blood flow in legs to reduce cramping when walking,"Nausea, dizziness, headache, flushing",Take 3 times daily with meals; swallow whole,Caution with blood thinners; avoid with recent bleeding
Progynova,estradiol,hormone,Replaces estrogen to treat menopause symptoms,"Breast tenderness, headache, nausea, mood changes",Take once daily or apply patch as prescribed,Caution with blood clot history; many drug interactions
Susten P,progesterone,hormone,Supports pregnancy and treats menstrual irregularities,"Drowsiness, headache, breast tenderness, mood changes",Take at bedtime; can be oral or vaginal as prescribed,May interact with some seizure and liver medications
Testosterone,testosterone undecanoate,hormone,Treats low testosterone levels in men,"Acne, mood changes, blood thickening, liver effects",Take with meals; follow prescribed dosing schedule,Caution with blood thinners; monitor blood counts regularly
Clomiphene,clomiphene citrate,hormone,Stimulates ovulation in women having difficulty conceiving,"Hot flashes, bloating, mood swings, visual changes",Take once daily for 5 days starting on day 5 of cycle,Avoid with liver disease; regular monitoring required
Primolut,norethisterone,hormone,Delays periods and treats irregular menstrual bleeding,"Nausea, headache, breast tenderness, mood changes",Take 3 times daily as prescribed; starting days before expected period,Caution with liver disease; avoid with blood clot history
INH Tab,isoniazid,antitubercular,Treats and prevents tuberculosis infection,"Liver damage, numbness in hands and feet, nausea",Take on empty stomach once daily; take with vitamin B6,Avoid with alcohol; many drug interactions; monitor liver function
Rimactane,rifampicin,antitubercular,Kills tuberculosis bacteria and treats TB infection,"Orange urine and tears, liver problems, nausea",Take on empty stomach once daily; do not skip doses,Many drug interactions; reduces effectiveness of birth control
Pyzina P,pyrazinamide,antitubercular,Treats tuberculosis in combination with other TB drugs,"Joint pain, liver damage, nausea, gout flares",Take once daily with food; part of multi-drug TB regimen,Monitor liver function; caution with gout medications
Myambutol E,ethambutol,antitubercular,Treats tuberculosis as part of combination therapy,"Eye problems, nausea, joint pain, numbness",Take once daily with food; regular eye exams needed,Monitor vision; caution with kidney disease
Ambistryn,streptomycin,antitubercular,Treats drug-resistant tuberculosis by injection,"Hearing loss, kidney damage, dizziness, pain at injection site",Given by injection; dosage based on body weight,Avoid with other kidney-toxic and ear-toxic drugs
Ezentia E,ezetimibe,lipid-lowering,Lowers cholesterol by blocking absorption from food,"Diarrhea, fatigue, joint pain, stomach pain",Take once daily with or without food; often with a statin,Caution with fibrates; monitor liver function with statins
Questran,cholestyramine,lipid-lowering,Lowers cholesterol by binding bile acids in the gut,"Constipation, bloating, nausea, heartburn",Mix powder in water or juice; take before meals,Take other medications 1 hour before or 4 hours after
Lopid,gemfibrozil,lipid-lowering,Lowers triglycerides and raises good cholesterol,"Stomach upset, muscle pain, diarrhea, dizziness",Take 30 minutes before morning and evening meals,Avoid with statins especially; caution with blood thinners
Nicotinic Acid,nicotinic acid extended-release,lipid-lowering,Raises good cholesterol and lowers triglycerides,"Flushing, itching, headache, stomach upset",Take at bedtime with low-fat snack; start with low dose,Caution with statins; avoid alcohol around dosing time
Colesevelam,colesevelam hydrochloride,lipid-lowering,Lowers cholesterol and improves blood sugar in diabetes,"Constipation, nausea, indigestion, muscle pain",Take with meals and liquid; 3 tablets twice daily,Take other medications 4 hours before; may reduce absorption
Althrocin,erythromycin stearate,antibiotic,Treats respiratory and skin infections in penicillin allergy,"Nausea, stomach cramps, diarrhea, liver issues",Take on empty stomach; complete prescribed course,Avoid with terfenadine; interacts with theophylline and statins
Bactrim,co-trimoxazole,antibiotic,Treats urinary and ear and bronchitis infections,"Nausea, rash, diarrhea, blood count changes",Take with food and plenty of water; complete full course,Avoid with methotrexate; caution with blood thinners
Cifran,ciprofloxacin hydrochloride,antibiotic,Treats urinary and abdominal bacterial infections,"Nausea, diarrhea, headache, tendon pain",Take with water; avoid dairy and antacids 2 hours around dose,Avoid antacids and iron; caution with theophylline
Dalacin C,clindamycin,antibiotic,Treats serious infections of bones and joints and pelvic area,"Diarrhea, nausea, abdominal pain, skin rash",Take with full glass of water; can be with or without food,Avoid with erythromycin; watch for severe diarrhea
Sporidex,cephalexin,antibiotic,Treats skin and urinary and respiratory bacterial infections,"Diarrhea, nausea, stomach pain, headache",Take every 6-8 hours with or without food; complete course,Caution with probenecid; few other significant interactions
Ceftum,cefuroxime axetil,antibiotic,Treats ear and throat and urinary tract infections,"Diarrhea, nausea, headache, vomiting",Take with food for better absorption; complete full course,Caution with probenecid; antacids may reduce absorption
Furamist,fusidic acid + beclomethasone nasal,antibiotic,Treats nasal bacterial infections with inflammation,"Nasal irritation, sneezing, headache, nosebleed",Spray into each nostril twice daily as prescribed,Few systemic interactions for nasal use
Supracef,cefixime dispersible,antibiotic,Treats children's ear and throat infections,"Diarrhea, stomach upset, headache, nausea",Dissolve in water before giving; complete full course,Caution with blood thinners; probenecid increases levels
Taxim,ceftriaxone sodium,antibiotic,Treats severe hospital infections by injection,"Injection site pain, diarrhea, rash, liver enzyme changes",Given by injection in hospital; once or twice daily,Avoid with calcium-containing IV fluids in newborns
Zinnat,cefuroxime,antibiotic,Treats Lyme disease and ear and sinus infections,"Diarrhea, nausea, vomiting, headache",Take with food; complete full course as prescribed,Probenecid increases levels; antacids may reduce absorption
Wycef,cefadroxil,antibiotic,Treats skin and urinary tract bacterial infections,"Diarrhea, nausea, vomiting, rash",Take once or twice daily with or without food,Caution with probenecid; few other significant interactions
Klaricid,clarithromycin tablet,antibiotic,Treats H. pylori stomach ulcers and chest infections,"Abnormal taste, nausea, diarrhea, headache",Take twice daily with or without food; complete course,Avoid with terfenadine; interacts with many medications
Baxidin,chlorhexidine gluconate oral,antibiotic,Treats mouth and gum infections and prevents plaque,"Taste changes, mouth staining, dry mouth",Rinse mouth twice daily for 30 seconds; do not swallow,May affect taste; reduces effectiveness of some toothpastes
Ampiclox,ampicillin + cloxacillin,antibiotic,Treats mixed bacterial infections resistant to single antibiotic,"Diarrhea, nausea, rash, allergic reactions",Take on empty stomach 1 hour before meals; complete course,May reduce birth control effectiveness; caution with allopurinol
Biocef,cefdinir,antibiotic,Treats bronchitis and sinus and skin infections,"Diarrhea, nausea, headache, reddish stools",Take with or without food; avoid with iron for 2 hours,Iron and antacids reduce absorption; take 2 hours apart
Jalra,vildagliptin,antidiabetic,Boosts insulin production after meals to control blood sugar,"Headache, dizziness, tremor, nausea",Take once or twice daily with or without food,Caution with other diabetes drugs; monitor liver function
Trajenta,linagliptin tablet,antidiabetic,Controls blood sugar without dose adjustment for kidney disease,"Runny nose, sore throat, headache, joint pain",Take once daily at any time with or without food,Caution with sulfonylureas; may need dose reduction
Forxiga,dapagliflozin tablet,antidiabetic,Removes sugar through urine and protects heart and kidneys,"Genital infections, urinary infections, dehydration",Take once daily in the morning with or without food,Caution with diuretics; adjust insulin dose if needed
Jardiance,empagliflozin tablet,antidiabetic,Lowers blood sugar and reduces heart failure hospitalization,"Genital infections, urinary infections, increased thirst",Take once daily in the morning; drink adequate fluids,Caution with diuretics; may need insulin dose adjustment
Glycomet,metformin hydrochloride 500mg,antidiabetic,First-choice medicine for type 2 diabetes blood sugar control,"Nausea, diarrhea, stomach pain, metallic taste",Take with meals; start low and increase gradually,Avoid alcohol; stop before contrast dye imaging
Glucobay,acarbose tablet,antidiabetic,Slows sugar absorption after meals to prevent spikes,"Bloating, gas, diarrhea, stomach discomfort",Take with the first bite of each main meal; chew tablet,Caution with digestive enzyme supplements
Rybelsus,semaglutide oral,antidiabetic,Controls blood sugar and helps with weight loss,"Nausea, diarrhea, decreased appetite, vomiting",Take on empty stomach 30 minutes before food with sip of water,Caution with insulin and sulfonylureas; adjust doses
Bydureon,exenatide extended-release,antidiabetic,Controls blood sugar with once-weekly injection,"Nausea, injection site reactions, diarrhea, headache",Inject once weekly on same day; rotate injection sites,Caution with sulfonylureas; slows absorption of oral drugs
Onglyza,saxagliptin tablet,antidiabetic,Helps body use insulin better for blood sugar control,"Headache, urinary infection, joint pain",Take once daily with or without food at same time,Dose reduction with strong CYP3A4 inhibitors
Glynase,glipizide tablet,antidiabetic,Stimulates insulin from pancreas to lower blood sugar,"Low blood sugar, nausea, dizziness, weight gain",Take 30 minutes before breakfast; do not skip meals,Avoid alcohol; beta-blockers may mask low sugar symptoms
Cardace,ramipril tablet,antihypertensive,Protects heart and lowers blood pressure after heart attack,"Dry cough, dizziness, headache, fatigue",Take once daily at the same time; do not stop suddenly,Avoid potassium supplements; do not combine with ARBs
Amlong,amlodipine besylate tablet,antihypertensive,Smoothly lowers blood pressure over 24 hours,"Ankle swelling, headache, flushing, dizziness",Take once daily at the same time with or without food,Avoid grapefruit; caution with simvastatin high doses
Concor,bisoprolol,antihypertensive,Slows heart rate and lowers blood pressure steadily,"Tiredness, cold extremities, dizziness, headache",Take once daily in the morning; do not stop suddenly,Avoid with verapamil; caution with diabetes medications
Losar,losartan potassium tablet,antihypertensive,Protects kidneys while lowering blood pressure,"Dizziness, fatigue, low blood pressure, nasal congestion",Take once daily at the same time; can be with or without food,Avoid potassium supplements; do not combine with ACE inhibitors
Minipress,prazosin tablet,antihypertensive,Relaxes blood vessels for blood pressure and prostate relief,"First-dose dizziness, headache, drowsiness, palpitations",Take first dose at bedtime; rise slowly from lying down,Caution with other blood pressure drugs; avoid alcohol
Betaloc,metoprolol tartrate,antihypertensive,Controls blood pressure and prevents angina attacks,"Tiredness, dizziness, slow heartbeat, cold hands",Take with or immediately after food; do not stop abruptly,Avoid with verapamil; caution with clonidine withdrawal
Covance,losartan + hydrochlorothiazide,antihypertensive,Combines two agents for stronger blood pressure control,"Dizziness, fatigue, back pain, high potassium",Take once daily at the same time; stay hydrated,Avoid potassium supplements; caution with lithium
Arkamin,clonidine,antihypertensive,Lowers blood pressure by calming the nervous system,"Drowsiness, dry mouth, dizziness, constipation",Take twice daily; do not stop suddenly or rebound hypertension,Avoid with beta-blockers during withdrawal; caution with sedatives
Nusar,olmesartan medoxomil tablet,antihypertensive,Lowers blood pressure by relaxing blood vessels,"Dizziness, diarrhea, joint pain, flu-like symptoms",Take once daily with or without food,Avoid potassium supplements; caution with lithium and NSAIDs
Calan,verapamil tablet,antihypertensive,Controls blood pressure and certain irregular heartbeats,"Constipation, headache, dizziness, ankle swelling",Take with food 2-3 times daily; swallow extended-release whole,Avoid with beta-blockers; avoid grapefruit juice
Cordarone,amiodarone tablet,cardiac,Controls life-threatening irregular heartbeats,"Thyroid changes, lung toxicity, skin sensitivity, liver issues",Take with food 1-2 times daily; regular blood tests needed,Many drug interactions; avoid grapefruit; inform all doctors
Lanoxin,digoxin tablet,cardiac,Strengthens heartbeat and controls heart rate in failure,"Nausea, loss of appetite, visual changes, slow heartbeat",Take at the same time daily; monitor drug levels regularly,Many interactions; avoid with verapamil and amiodarone
Ranexa,ranolazine tablet,cardiac,Reduces angina attacks without affecting heart rate,"Dizziness, nausea, constipation, headache",Take twice daily; swallow whole without crushing,Avoid with ketoconazole and diltiazem; caution with statins
Procoralan,ivabradine tablet,cardiac,Slows heart rate specifically for angina and heart failure,"Visual brightness, slow heartbeat, headache, dizziness",Take twice daily with meals,Avoid with verapamil and diltiazem; avoid grapefruit
Vastarel,trimetazidine tablet,cardiac,Protects heart cells during reduced oxygen supply,"Nausea, headache, dizziness, stomach discomfort",Take with meals 2-3 times daily,Caution in Parkinson disease; few other drug interactions
Aerocort,beclomethasone + levosalbutamol,respiratory,Combines bronchodilator and steroid for asthma control,"Throat irritation, tremor, headache, oral thrush",Inhale twice daily; rinse mouth after each use,Caution with beta-blockers; avoid other long-acting inhalers
Duolin,ipratropium + levosalbutamol,respiratory,Opens airways quickly for acute breathing difficulty,"Dry mouth, tremor, headache, cough",Nebulize 3-4 times daily or as needed for acute attacks,Caution with other anticholinergic drugs; avoid eye contact
Montina,montelukast + levocetirizine,respiratory,Controls asthma and allergic rhinitis together,"Drowsiness, headache, dry mouth, fatigue",Take once daily at bedtime,Avoid alcohol; may cause drowsiness with other sedatives
Alex,phenylephrine + chlorpheniramine + dextromethorphan,respiratory,Relieves cough and cold and nasal congestion symptoms,"Drowsiness, dry mouth, nausea, dizziness",Take 3-4 times daily after meals; measure liquid doses carefully,Avoid with MAO inhibitors; do not combine with other cold medicines
Grilinctus,dextromethorphan + phenylephrine + chlorpheniramine,respiratory,Suppresses cough and relieves cold and congestion,"Drowsiness, dry mouth, nausea, restlessness",Take 3-4 times daily; do not exceed recommended dose,Avoid with MAO inhibitors and SSRIs; avoid alcohol
Quadriderm,beclomethasone + clioquinol + neomycin + tolnaftate,dermatological,Treats mixed fungal and bacterial skin infections,"Skin thinning, irritation, burning at application site",Apply thin layer twice daily; do not use for more than 2 weeks,Do not use on face or open wounds; avoid occlusive dressings
Ring Guard,miconazole + neomycin,dermatological,Treats ringworm and other fungal skin infections,"Mild burning, redness at application site",Apply on clean dry skin twice daily for 2-4 weeks,Few systemic interactions for topical use
T-Bact,mupirocin cream,dermatological,Treats bacterial skin infections and infected wounds,"Mild burning, stinging, itching at application site",Apply thin layer 2-3 times daily for 5-10 days,Few drug interactions; do not use with other topical antibiotics
Eumosone,clobetasone butyrate,dermatological,Treats mild to moderate eczema and skin inflammation,"Mild burning, itching, skin thinning with prolonged use",Apply thin layer 1-2 times daily; use minimum amount,Do not use on face for long; avoid occlusive dressings
Candid B,clotrimazole + beclomethasone,dermatological,Treats fungal skin infections with inflammation relief,"Mild burning, skin thinning, itching at site",Apply thin layer twice daily; do not use for more than 2 weeks,Do not use on open wounds; avoid prolonged use on face
Caladryl,calamine + diphenhydramine,dermatological,Soothes itching from insect bites and rashes and sunburn,"Mild skin dryness, drowsiness if absorbed",Apply to affected area as needed; shake well before use,For external use only; few drug interactions
Halovate,halobetasol propionate,dermatological,Treats severe resistant skin inflammation and psoriasis,"Skin thinning, stretch marks, burning, irritation",Apply very thin layer once daily; use for shortest time,Do not use on face; avoid occlusive dressings over large area
Lulican,luliconazole cream,dermatological,Treats stubborn fungal infections of skin effectively,"Mild stinging, redness at application site",Apply once daily for 1-2 weeks on clean dry skin,Few drug interactions; complete full course
Tacromus,tacrolimus ointment,dermatological,Treats eczema without steroid side effects,"Burning, itching initially, skin warmth",Apply thin layer twice daily on affected areas,Avoid prolonged sun exposure; caution with CYP3A4 inhibitors
Kojivit,kojic acid + arbutin,dermatological,Lightens dark spots and evens skin tone,"Mild irritation, redness, dryness",Apply once daily at night on affected areas,Use sunscreen during daytime; few drug interactions
Ciplox D,ciprofloxacin + dexamethasone eye drops,ophthalmic,Treats eye infections with inflammation,"Stinging, blurred vision, eye redness",Put 1-2 drops 4-6 times daily; reduce as infection improves,Few systemic interactions; monitor eye pressure with prolonged use
Lotepred,loteprednol etabonate,ophthalmic,Treats eye inflammation with lower pressure risk,"Mild stinging, blurred vision, eye discomfort",Put 1-2 drops 4 times daily; shake well before use,Few systemic interactions; safer than older steroid eye drops
Refresh Tears,polyvinyl alcohol,ophthalmic,Lubricates dry irritated eyes for comfort,"Mild stinging, blurred vision temporarily",Put 1-2 drops as needed throughout the day,Safe with most eye medications; remove contacts before use
Genteal,hydroxypropyl methylcellulose,ophthalmic,Provides long-lasting moisture for dry and irritated eyes,"Mild temporary blurring, slight stinging",Put 1-2 drops as needed; can be used frequently,Compatible with most eye medications
Maxitrol,neomycin + polymyxin + dexamethasone,ophthalmic,Treats bacterial eye infections with inflammation control,"Stinging, blurred vision, eye pressure increase",Put 1-2 drops 4-6 times daily; taper as condition improves,Monitor eye pressure; avoid prolonged use
Gabapin,gabapentin capsule,neurological,Relieves nerve pain from diabetes and shingles,"Dizziness, drowsiness, fatigue, weight gain",Take 3 times daily; increase dose gradually,Take antacids 2 hours apart; caution with opioids
Pregalin,pregabalin capsule,neurological,Controls nerve pain and anxiety with seizure prevention,"Dizziness, drowsiness, weight gain, dry mouth",Take 2-3 times daily; do not stop suddenly,Avoid alcohol; increases sedation with other CNS drugs
Levipil,levetiracetam tablet,neurological,Prevents seizures with fewer drug interactions,"Drowsiness, mood changes, weakness, dizziness",Take twice daily at same times; do not stop suddenly,Few drug interactions; caution with other CNS depressants
Tegrital,carbamazepine tablet,neurological,Controls seizures and nerve pain and bipolar episodes,"Dizziness, nausea, blurred vision, drowsiness",Take 2-3 times daily with food; regular blood tests needed,Reduces many drug levels including birth control
Encorate,sodium valproate tablet,neurological,Prevents seizures and stabilizes mood disorders,"Weight gain, tremor, stomach upset, hair loss",Take with food 2-3 times daily; regular liver monitoring,Avoid in pregnancy; many drug interactions
Nexito,escitalopram tablet,psychiatric,Treats depression and generalized anxiety disorder,"Nausea, headache, sleep changes, sexual problems",Take once daily morning or evening; allow 2-4 weeks to work,Avoid with MAO inhibitors; caution with triptans
Daxid,sertraline tablet,psychiatric,Treats depression and obsessive-compulsive disorder,"Nausea, diarrhea, tremor, sleep problems",Take once daily with food; continue as prescribed,Avoid with MAO inhibitors; caution with blood thinners
Fludac,fluoxetine capsule,psychiatric,Treats depression and bulimia and anxiety disorders,"Nausea, headache, insomnia, anxiety initially",Take once daily in the morning,Avoid with MAO inhibitors; long half-life affects other drugs
Olanex,olanzapine tablet,psychiatric,Manages schizophrenia and bipolar mania symptoms,"Weight gain, drowsiness, increased appetite, dizziness",Take once daily at bedtime; monitor weight and blood sugar,Avoid alcohol; caution with blood pressure medications
Sizodon,risperidone tablet,psychiatric,Controls psychotic symptoms and behavioral problems,"Weight gain, drowsiness, muscle stiffness, dizziness",Take once or twice daily as prescribed,Avoid alcohol; caution with blood pressure medications
Quel,quetiapine tablet,psychiatric,Treats bipolar disorder and schizophrenia symptoms,"Drowsiness, weight gain, dizziness, constipation",Take at bedtime; increase gradually as directed,Avoid alcohol; caution with other sedating medications
Zapiz,clonazepam tablet,psychiatric,Controls panic attacks and certain types of seizures,"Drowsiness, dizziness, memory problems, fatigue",Take 2-3 times daily; use shortest effective duration,Avoid alcohol and opioids; habit-forming with long use
Alprax,alprazolam tablet,psychiatric,Short-term relief from anxiety and panic symptoms,"Drowsiness, dizziness, fatigue, slurred speech",Take as needed; use minimum effective dose,Avoid alcohol and opioids; habit-forming; do not stop suddenly
Tryptomer,amitriptyline tablet,psychiatric,Treats depression and prevents migraine headaches,"Drowsiness, dry mouth, constipation, weight gain",Take at bedtime; start with low dose,Avoid with MAO inhibitors; caution with heart rhythm drugs
Oleanz,olanzapine orally disintegrating,psychiatric,Quick-dissolving tablet for acute psychiatric episodes,"Weight gain, drowsiness, dry mouth, constipation",Place on tongue; dissolves without water; take at bedtime,Avoid alcohol; monitor blood sugar and lipids regularly
Domstal,domperidone tablet,gastrointestinal,Stops nausea and speeds stomach emptying before meals,"Dry mouth, headache, diarrhea, breast changes",Take 15-30 minutes before meals and at bedtime,Avoid with ketoconazole; caution with heart rhythm drugs
Meftal Spas,mefenamic acid + dicyclomine,gastrointestinal,Relieves menstrual cramps and abdominal pain and spasms,"Nausea, drowsiness, dry mouth, dizziness",Take after meals as needed for pain,Avoid with blood thinners; caution with kidney medications
Cyclopam,dicyclomine + paracetamol,gastrointestinal,Relieves stomach cramps and associated pain together,"Dry mouth, drowsiness, dizziness, blurred vision",Take after meals as needed; do not exceed daily dose,Avoid other paracetamol products; caution with anticholinergics
Librax,chlordiazepoxide + clidinium,gastrointestinal,Treats irritable bowel with anxiety and stomach acid,"Drowsiness, dry mouth, blurred vision, constipation",Take before meals and at bedtime as prescribed,Avoid alcohol; habit-forming with long use
Unienzyme,fungal diastase + pepsin + charcoal,gastrointestinal,Aids digestion and relieves gas and bloating,"Mild nausea, dark stools from charcoal",Take after meals; chew tablet if chewable,Take 2 hours apart from other medications
Econorm,saccharomyces boulardii capsule,gastrointestinal,Restores gut health during and after antibiotic treatment,"Mild gas, thirst, constipation",Take 1-2 capsules daily; can open and mix with food,Avoid with antifungal drugs; safe alongside antibiotics
Gutnil,rifaximin tablet,gastrointestinal,Treats traveler's diarrhea and reduces IBS bloating,"Nausea, headache, flatulence, stomach pain",Take 3 times daily; complete full prescribed course,Minimally absorbed; few systemic drug interactions
Nexpro,esomeprazole tablet,gastrointestinal,Provides powerful acid suppression for stubborn GERD,"Headache, nausea, diarrhea, flatulence",Take before meals on empty stomach; once daily,Avoid with clopidogrel; may reduce absorption of some drugs
Veloz,rabeprazole tablet,gastrointestinal,Heals stomach ulcers and treats persistent acid reflux,"Headache, diarrhea, nausea, flatulence",Take before meals on empty stomach; once daily,May affect absorption of some drugs; inform doctor of all meds
Ganaton,itopride tablet,gastrointestinal,Speeds gastric emptying to relieve bloating and fullness,"Diarrhea, headache, abdominal pain, dizziness",Take 3 times daily before meals,Caution with anticholinergic drugs; few other interactions
Zerodol,aceclofenac tablet,musculoskeletal,Reduces pain and stiffness in arthritis conditions,"Stomach pain, nausea, dizziness, headache",Take after meals twice daily; use shortest duration needed,Avoid with blood thinners; caution with blood pressure drugs
Hifenac,aceclofenac + paracetamol,musculoskeletal,Provides dual pain relief for muscle and joint conditions,"Stomach upset, nausea, dizziness, drowsiness",Take after meals twice daily as prescribed,Do not exceed paracetamol daily limit; avoid blood thinners
Nucoxia,etoricoxib tablet,musculoskeletal,Targeted pain relief for arthritis with less stomach risk,"Headache, dizziness, high blood pressure, swelling",Take once daily with or without food at consistent time,Avoid with blood thinners; monitor blood pressure
Myospaz,chlorzoxazone + paracetamol,musculoskeletal,Relaxes muscles and relieves pain from sprains,"Drowsiness, dizziness, nausea, stomach upset",Take 3-4 times daily with food,Avoid alcohol; do not exceed paracetamol daily limit
Zyloric,allopurinol tablet,musculoskeletal,Prevents gout attacks by lowering uric acid levels,"Rash, nausea, drowsiness, raised liver enzymes",Take after meals once daily; drink plenty of water,Avoid with azathioprine; caution with blood thinners
Flexon,ibuprofen + paracetamol,musculoskeletal,Relieves pain and reduces fever and inflammation,"Stomach pain, nausea, dizziness, headache",Take after meals; do not take on empty stomach,Avoid with blood thinners; do not exceed paracetamol limit
Naprosyn,naproxen tablet,musculoskeletal,Long-acting pain relief for arthritis and sports injuries,"Stomach upset, headache, drowsiness, dizziness",Take twice daily with food; use lowest effective dose,Avoid with blood thinners; caution with lithium
Nise,nimesulide tablet,musculoskeletal,Fast-acting pain and inflammation relief,"Stomach upset, nausea, dizziness, liver risk",Take after meals; use for maximum 15 days,Avoid with blood thinners; caution with liver medications
Oxalgin,piroxicam capsule,musculoskeletal,Once-daily relief from arthritis pain and stiffness,"Stomach pain, nausea, dizziness, skin sensitivity",Take once daily with food; protect skin from sunlight,Avoid with blood thinners; caution with lithium
Signoflam,aceclofenac + paracetamol + serratiopeptidase,musculoskeletal,Reduces pain and swelling with anti-inflammatory enzyme,"Stomach upset, nausea, dizziness, rash",Take after meals twice daily as prescribed,Avoid with blood thinners; do not exceed paracetamol limit
Urimax,tamsulosin capsule,urological,Improves urinary flow in men with enlarged prostate,"Dizziness, runny nose, abnormal ejaculation",Take 30 minutes after meals; same time daily,Caution with other blood pressure drugs; avoid ketoconazole
Veltam,tamsulosin + dutasteride,urological,Shrinks prostate and improves urine flow together,"Dizziness, sexual problems, breast changes",Take once daily after the same meal,Women should not handle capsules; few other interactions
Dynapress,alfuzosin tablet,urological,Relaxes prostate and bladder for better urine flow,"Dizziness, headache, fatigue, low blood pressure",Take once daily after a meal; swallow whole,Avoid with other alpha-blockers; caution with PDE5 inhibitors
Tropan,oxybutynin tablet,urological,Controls bladder spasms and reduces incontinence,"Dry mouth, constipation, blurred vision, drowsiness",Take 2-3 times daily before meals,Avoid with other anticholinergic drugs; caution in hot weather
Vesicare,solifenacin tablet,urological,Controls frequent and urgent urination from overactive bladder,"Dry mouth, constipation, blurred vision, indigestion",Take once daily with water; can be with or without food,Avoid with ketoconazole; caution with other drying medications
Wysolone,prednisolone tablet,endocrine,Controls inflammation in asthma and arthritis and allergies,"Weight gain, mood changes, stomach upset, bone weakening",Take with food in the morning; taper gradually when stopping,Avoid NSAIDs; raises blood sugar in diabetics
Decdan,dexamethasone tablet,endocrine,Treats severe allergic reactions and swelling conditions,"Weight gain, mood swings, high blood sugar, insomnia",Take with food in morning; follow tapering schedule,Avoid with NSAIDs; interacts with blood thinners
Medrol,methylprednisolone tablet,endocrine,Treats severe inflammatory and autoimmune conditions,"Weight gain, stomach upset, mood changes, acne",Take with food; follow prescribed tapering schedule,Avoid NSAIDs; caution with live vaccines
Eltroxin 50,levothyroxine 50mcg tablet,endocrine,Standard dose thyroid hormone replacement therapy,"Weight changes, tremor, sweating if dose too high",Take on empty stomach 30-60 minutes before breakfast,Space 4 hours from calcium and iron; avoid with soy
Dostinex,cabergoline tablet,endocrine,Lowers high prolactin causing menstrual and fertility problems,"Nausea, dizziness, headache, fatigue",Take twice weekly with food; follow doctor dosing,Avoid with other dopamine-affecting drugs
Autrin,ferrous fumarate + folic acid + zinc,hematological,Treats iron deficiency anemia with essential supplements,"Nausea, constipation, dark stools, stomach upset",Take on empty stomach; avoid with tea and milk,Take 2 hours apart from antacids and antibiotics
Dexorange,ferric ammonium citrate + folic acid + B12,hematological,Treats anemia with iron and essential B vitamins,"Nausea, dark stools, constipation, metallic taste",Take after meals; shake syrup well before use,Take 2 hours apart from antacids; avoid with tea
Xarelto,rivaroxaban tablet,hematological,Prevents stroke and treats blood clots effectively,"Bleeding, bruising, dizziness, muscle pain",Take with food at the same time daily,Avoid with strong antifungals; caution with aspirin
Eliquis,apixaban tablet,hematological,Prevents stroke in irregular heartbeat with less bleeding,"Bleeding, bruising, nausea, fatigue",Take twice daily with or without food,Avoid with strong antifungals and HIV drugs
Clexane,enoxaparin injection,hematological,Prevents blood clots after surgery and during hospital stay,"Bleeding at injection site, bruising, nausea",Inject under skin of belly once or twice daily as prescribed,Avoid with aspirin unless prescribed; monitor platelets
Folitrax,methotrexate tablet,immunological,Weekly treatment for rheumatoid arthritis and psoriasis,"Nausea, mouth sores, fatigue, hair thinning",Take ONCE weekly with folic acid; never take daily,Avoid NSAIDs and alcohol; regular blood monitoring needed
Imuran,azathioprine tablet,immunological,Prevents transplant rejection and controls autoimmune disease,"Nausea, low blood counts, increased infection risk",Take once or twice daily with food,Reduce dose with allopurinol; regular blood monitoring
HCQS,hydroxychloroquine tablet,immunological,Treats lupus and rheumatoid arthritis safely long-term,"Nausea, headache, stomach cramps, vision changes with long use",Take with food once or twice daily,Annual eye exam required; caution with heart rhythm drugs
Saaz,sulfasalazine tablet,immunological,Controls joint inflammation in rheumatoid and colitis,"Nausea, headache, orange urine, stomach upset",Take after meals; increase dose slowly; drink plenty of water,Take folic acid supplement; may reduce digoxin absorption
Prograf,tacrolimus capsule,immunological,Prevents organ rejection after kidney and liver transplant,"Tremor, headache, high blood sugar, kidney effects",Take on empty stomach at consistent times twice daily,Avoid grapefruit; very many drug interactions
Ultracet,tramadol + paracetamol,analgesic,Relieves moderate to severe pain from various causes,"Nausea, dizziness, drowsiness, constipation",Take every 4-6 hours as needed; do not exceed daily dose,Avoid MAO inhibitors; do not mix with alcohol or sedatives
Sumo,nimesulide + paracetamol,analgesic,Relieves pain and fever with anti-inflammatory action,"Stomach upset, nausea, dizziness, drowsiness",Take after meals; do not exceed recommended daily dose,Avoid with blood thinners; caution with liver medications
Febrex Plus,paracetamol + phenylephrine + chlorpheniramine + caffeine,analgesic,Relieves fever and body ache with cold symptoms,"Drowsiness, dry mouth, nausea, restlessness",Take after meals 3-4 times daily; measure liquid dose carefully,Avoid other paracetamol products; avoid with MAO inhibitors
Dart,aceclofenac + paracetamol tablet,analgesic,Dual-action pain relief for dental and post-surgical pain,"Stomach upset, nausea, dizziness, headache",Take after meals twice daily as prescribed,Do not exceed paracetamol limit; avoid blood thinners
Movexx,aceclofenac + paracetamol + chlorzoxazone,analgesic,Triple-action relief for muscle pain and spasms,"Drowsiness, nausea, stomach upset, dark urine",Take after meals 2-3 times daily,Avoid alcohol; do not exceed paracetamol daily limit
Nicip Plus,nimesulide + paracetamol tablet,analgesic,Fast pain relief for headaches and toothaches,"Stomach upset, nausea, dizziness, rash",Take after meals; use for shortest time possible,Avoid with blood thinners; watch liver function
Calpol,paracetamol suspension,analgesic,Reduces fever and pain in infants and children safely,"Rare nausea, skin rash, liver damage in overdose",Give measured dose every 4-6 hours; do not exceed 4 doses daily,Do not give with other paracetamol products
Dolopar,paracetamol 500mg tablet,analgesic,Relieves mild to moderate pain and reduces fever,"Nausea, stomach upset, liver damage in overdose",Take after meals every 4-6 hours as needed,Avoid alcohol; do not exceed 4 grams daily
Toradol,ketorolac tablet,analgesic,Short-term powerful pain relief after surgery or injury,"Stomach pain, nausea, drowsiness, dizziness",Take maximum 5 days; with or without food,Avoid with blood thinners and other NSAIDs
Voveran SR,diclofenac sodium sustained-release,analgesic,Extended pain relief lasting throughout the day,"Stomach pain, nausea, headache, dizziness",Take with food once or twice daily; swallow whole,Avoid with blood thinners; caution with kidney disease
Supradyn,multivitamin + minerals effervescent,vitamin,Provides daily energy boost with essential vitamins and minerals,"Mild nausea, stomach upset, metallic taste",Dissolve one tablet in water daily after meals,Take 2 hours apart from antibiotics and thyroid medications
Evion,vitamin E capsule,vitamin,Supports skin health and acts as antioxidant,"Nausea, stomach discomfort at high doses",Take once daily with food,Caution with blood thinners; may increase bleeding risk
Revital,multivitamin + ginseng,vitamin,Boosts energy and stamina with vitamins and ginseng,"Mild nausea, insomnia, headache",Take once daily after breakfast,Avoid with blood thinners; caution with diabetes medications
Cobadex CZS,methylcobalamin + pyridoxine + folic acid,vitamin,Treats nerve problems from B vitamin deficiency,"Mild nausea, stomach upset, tingling",Take once daily after meals,High B6 doses may interfere with levodopa
Maxirich,multivitamin + multimineral capsule,vitamin,Complete daily nutrition supplement for overall health,"Mild nausea, constipation, dark stools",Take once daily after meals with water,Take 2 hours apart from antibiotics; contains iron
Mobizox,ibuprofen + paracetamol + chlorzoxazone,anti-inflammatory,Relieves pain and muscle stiffness from injuries,"Drowsiness, stomach upset, nausea, dark urine",Take after meals 3 times daily as prescribed,Avoid alcohol and blood thinners; watch paracetamol limit
Voveran Gel,diclofenac gel,anti-inflammatory,Targeted pain relief applied directly on affected joints,"Skin irritation, redness, mild tingling",Apply 3-4 times daily; gently rub into skin,Do not cover with tight bandage; avoid on broken skin
Fenbid,ibuprofen gel,anti-inflammatory,Reduces local pain and inflammation when applied to skin,"Skin redness, mild burning at application site",Apply 3-4 times daily on affected area,For external use only; avoid contact with eyes
Flector,diclofenac epolamine patch,anti-inflammatory,Provides steady pain relief through skin patch,"Skin irritation at patch site, itching",Apply one patch twice daily on painful area,Do not use on broken skin; remove before MRI
Enzoflam,diclofenac + paracetamol + serratiopeptidase,anti-inflammatory,Reduces pain and swelling with enzyme-assisted healing,"Stomach upset, nausea, dizziness, rash",Take after meals twice daily as prescribed,Avoid with blood thinners; watch paracetamol daily limit
Avomine,promethazine theoclate,antiemetic,Prevents motion sickness and travel nausea,"Drowsiness, dry mouth, blurred vision",Take 1-2 hours before travel; repeat every 6-8 hours if needed,Avoid alcohol; increases drowsiness with sedatives
Stemetil,prochlorperazine tablet,antiemetic,Controls severe nausea and vertigo attacks,"Drowsiness, dry mouth, muscle stiffness",Take 3 times daily or as needed; with or without food,Avoid alcohol; caution with Parkinson medications
Perinorm,metoclopramide tablet,antiemetic,Stops nausea and improves stomach emptying,"Drowsiness, restlessness, diarrhea, fatigue",Take 30 minutes before meals; use for short periods only,Avoid with dopamine agonists for Parkinson disease
Lomotil,diphenoxylate + atropine,antidiarrheal,Slows intestinal movement to control severe diarrhea,"Dry mouth, drowsiness, dizziness, abdominal discomfort",Take 4 times daily initially; reduce as diarrhea improves,Avoid with MAO inhibitors; do not use in dysentery
Eldoper,loperamide capsule,antidiarrheal,Controls acute and chronic diarrhea effectively,"Constipation, dry mouth, drowsiness, stomach cramps",Take after each loose stool; do not exceed 8 capsules daily,Do not use with blood in stool; few drug interactions
Softovac,ispaghula + senna,laxative,Gentle overnight relief from constipation,"Stomach cramps, bloating, gas",Take at bedtime with full glass of water,Take 2 hours apart from other medications
Looz,lactulose syrup,laxative,Gentle stool softener for chronic constipation,"Bloating, gas, stomach cramps initially",Take once or twice daily; effect may take 1-2 days,Few drug interactions; safe for long-term use if needed
Surbex Z,B-complex + zinc + vitamin C,vitamin,Supports immunity and nerve health with essential vitamins,"Mild nausea, stomach upset, bright urine",Take once daily after meals,Avoid with certain antibiotics; take iron separately
Vibact,lactobacillus sporogenes,gastrointestinal,Restores healthy gut bacteria after illness or antibiotics,"Mild gas, bloating initially",Take 1-2 capsules twice daily after meals,Take 2 hours apart from antibiotics for best effect
Metaspray,mometasone furoate nasal spray,respiratory,Treats nasal allergies and prevents nasal polyps,"Nosebleed, headache, sore throat, nasal irritation",Spray into each nostril once daily; takes days for full effect,Few systemic interactions; safe for long-term allergy use
Allegra 120,fexofenadine 120mg tablet,antiallergic,Non-drowsy allergy relief for rhinitis and hives,"Headache, back pain, nausea, dizziness",Take once daily; avoid with fruit juices,Take 2 hours apart from antacids; do not take with juice
Zyrtec,cetirizine tablet,antiallergic,Controls allergy symptoms for 24 hours,"Drowsiness, dry mouth, fatigue, headache",Take once daily; preferably at bedtime,Avoid alcohol; may cause drowsiness with sedatives
Atarax,hydroxyzine tablet,antiallergic,Relieves itching and anxiety from allergic conditions,"Drowsiness, dry mouth, dizziness, headache",Take 2-3 times daily or at bedtime,Avoid alcohol; increases sedation with other drugs
Onabet,sertaconazole,antifungal,Treats athlete's foot and other skin fungal infections,"Mild burning, dryness at application site",Apply twice daily on clean dry affected skin for 4 weeks,Few drug interactions for topical use
Azee,azithromycin tablet,antibiotic,3-day course treats respiratory and skin infections,"Nausea, diarrhea, stomach pain, headache",Take 1 hour before or 2 hours after food; once daily for 3 days,Avoid with antacids; caution with heart rhythm drugs
Mox,amoxicillin capsule,antibiotic,Treats ear and throat and urinary infections in adults,"Diarrhea, nausea, rash, stomach upset",Take every 8 hours with or without food; complete course,May reduce birth control effectiveness
Ilvitrim,sulfamethoxazole + trimethoprim suspension,antibiotic,Treats urinary and ear infections in children,"Nausea, rash, diarrhea, sun sensitivity",Give measured dose twice daily with food and water,Avoid with methotrexate; keep child hydrated
Erythrocin Syrup,erythromycin ethyl succinate,antibiotic,Treats infections in children allergic to penicillin,"Nausea, stomach cramps, diarrhea",Give measured dose 4 times daily with or without food,Avoid with terfenadine; interacts with theophylline
Cifran OZ,ciprofloxacin + ornidazole,antibiotic,Treats mixed bacterial and parasitic gut infections,"Nausea, headache, dizziness, metallic taste",Take with food twice daily; complete full course,Avoid alcohol; avoid antacids and dairy
Pan 40,pantoprazole 40mg tablet,gastrointestinal,Heals stomach and food pipe acid damage,"Headache, diarrhea, nausea, flatulence",Take before breakfast on empty stomach daily,May reduce iron and B12 absorption with long use
Rantac 150,ranitidine 150mg tablet,gastrointestinal,Reduces stomach acid for heartburn and ulcer relief,"Headache, dizziness, constipation",Take once or twice daily 30 minutes before meals,May reduce absorption of ketoconazole and itraconazole
Zinetac,ranitidine 150mg another,gastrointestinal,Controls excess stomach acid and heartburn effectively,"Headache, constipation, diarrhea, dizziness",Take 30 minutes before meals or at bedtime,May affect absorption of some antifungal medications
Colimex,dicyclomine drops,antispasmodic,Relieves colic and stomach cramps in infants,"Drowsiness, dry mouth, constipation",Give drops before feeds as prescribed by pediatrician,Avoid with other anticholinergic medications
Drotin,drotaverine tablet,antispasmodic,Relaxes smooth muscle to relieve abdominal and menstrual cramps,"Headache, dizziness, nausea, low blood pressure",Take 2-3 times daily as needed for cramps,Caution with levodopa; may enhance blood pressure drugs
Buscopan,hyoscine butylbromide tablet,antispasmodic,Quickly relieves stomach and intestinal cramps,"Dry mouth, dizziness, blurred vision, fast heartbeat",Take 3-4 times daily as needed for cramps,Avoid with other anticholinergic drugs; caution with glaucoma
Spasmoproxyvon,dicyclomine + paracetamol forte,antispasmodic,Strong relief from abdominal cramps with pain control,"Drowsiness, dry mouth, dizziness, constipation",Take after meals as needed; do not exceed daily dose,Avoid other paracetamol; caution with anticholinergics
Levera,levetiracetam syrup,antiepileptic,Controls seizures in children with good tolerability,"Drowsiness, mood changes, weakness, appetite changes",Give measured dose twice daily at consistent times,Few drug interactions; safe with other seizure medications
Oxetol,oxcarbazepine tablet,antiepileptic,Controls partial seizures with fewer interactions,"Dizziness, drowsiness, nausea, double vision",Take twice daily with or without food,May reduce birth control effectiveness; monitor sodium
Epitop,topiramate tablet,antiepileptic,Prevents seizures and reduces migraine frequency,"Tingling, weight loss, memory problems, kidney stones",Take twice daily; drink plenty of water; increase slowly,Reduces birth control effectiveness; avoid with carbonic drugs
Frisium,clobazam tablet,antiepileptic,Add-on treatment for difficult-to-control seizures,"Drowsiness, dizziness, irritability, drooling",Take once or twice daily; do not stop suddenly,Avoid alcohol; caution with other seizure medications
Zonegran,zonisamide capsule,antiepileptic,Controls seizures that other medicines cannot control alone,"Drowsiness, dizziness, appetite loss, kidney stones",Take once daily; drink plenty of water,Caution with other carbonic anhydrase inhibitors
Lasix,furosemide tablet,diuretic,Removes excess fluid causing swelling in heart and kidney disease,"Low potassium, dehydration, dizziness, cramps",Take in the morning; monitor potassium regularly,Caution with lithium and aminoglycosides; supplement potassium
Aldactone,spironolactone tablet,diuretic,Saves potassium while removing excess fluid,"High potassium, breast tenderness, dizziness, menstrual changes",Take with food once or twice daily,Avoid potassium supplements and salt substitutes
Dytor,torsemide tablet,diuretic,Stronger fluid removal for severe heart failure swelling,"Dizziness, headache, excessive urination, low potassium",Take once daily in the morning with or without food,Monitor potassium; caution with lithium
Fruselac,furosemide + spironolactone,diuretic,Balanced fluid removal while maintaining potassium levels,"Dizziness, nausea, muscle cramps, dehydration",Take in the morning with food; monitor electrolytes,Avoid potassium supplements; caution with ACE inhibitors
Ditide,triamterene + benzthiazide,diuretic,Lowers blood pressure while preserving potassium,"Nausea, headache, increased urination, muscle cramps",Take once daily in the morning with food,Avoid potassium supplements; caution with ACE inhibitors
Solian,amisulpride,psychiatric,Treats schizophrenia symptoms with fewer movement side effects,"Weight gain, insomnia, anxiety, constipation",Take twice daily with meals,Avoid with other heart rhythm affecting drugs
Abilify,aripiprazole tablet,psychiatric,Controls psychosis and mania with less weight gain,"Restlessness, headache, insomnia, nausea",Take once daily with or without food,Dose adjust with CYP3A4 and CYP2D6 inhibitors
Serenace,haloperidol tablet,psychiatric,Controls severe psychotic symptoms and agitation,"Muscle stiffness, tremor, drowsiness, dry mouth",Take 1-3 times daily; start with lowest effective dose,Avoid alcohol; many interactions with heart and seizure drugs
Pacitane,trihexyphenidyl,psychiatric,Treats movement side effects from antipsychotic medications,"Dry mouth, blurred vision, constipation, dizziness",Take 3 times daily with meals; increase gradually,Avoid with other anticholinergic drugs; caution in glaucoma
Lonazep,clonazepam oral disintegrating,psychiatric,Fast-dissolving tablet for acute anxiety and seizure control,"Drowsiness, dizziness, memory problems, fatigue",Place on tongue; dissolves without water; take as prescribed,Avoid alcohol and opioids; habit-forming
Aricep,donepezil tablet,neurological,Slows mental decline in early to moderate Alzheimer disease,"Nausea, diarrhea, muscle cramps, insomnia",Take once daily at bedtime with or without food,Caution with heart rhythm drugs; avoid with anticholinergics
Admenta,memantine tablet,neurological,Improves daily functioning in moderate Alzheimer disease,"Dizziness, headache, constipation, drowsiness",Take once daily; increase dose gradually over weeks,Avoid with amantadine; caution with drugs affecting urine pH
Syndopa,levodopa + carbidopa tablet,neurological,Primary treatment for Parkinson disease tremor and stiffness,"Nausea, dizziness, dyskinesia, dark urine",Take 30 minutes before meals; multiple times daily,Avoid with non-selective MAO inhibitors; protein may reduce effect
Ropark,ropinirole tablet,neurological,Treats early Parkinson disease and restless legs,"Nausea, dizziness, drowsiness, sudden sleep",Take 3 times daily; increase dose gradually,Avoid with ciprofloxacin; caution with other sedating drugs
Pramipex,pramipexole tablet,neurological,Controls Parkinson symptoms and restless leg syndrome,"Nausea, dizziness, drowsiness, hallucinations",Take 3 times daily with meals; titrate slowly,Avoid with dopamine antagonists; caution driving
Acivir,acyclovir tablet,antiviral,Treats herpes and chickenpox viral infections,"Nausea, headache, diarrhea, kidney effects at high dose",Take 5 times daily with plenty of water; complete course,Caution with kidney-toxic drugs; stay well hydrated
Valcivir,valacyclovir tablet,antiviral,Convenient treatment for herpes and shingles infections,"Nausea, headache, dizziness, stomach pain",Take 2-3 times daily; start within 72 hours of symptoms,Stay hydrated; caution with other kidney-affecting drugs
Oseltam,oseltamivir capsule,antiviral,Treats influenza if started within 48 hours of symptoms,"Nausea, vomiting, headache, insomnia",Take twice daily for 5 days with or without food,Few significant drug interactions
Viread,tenofovir tablet,antiviral,Long-term treatment for chronic hepatitis B infection,"Nausea, headache, dizziness, kidney effects",Take once daily with food; monitor kidney function,Avoid with other kidney-toxic drugs
Baraclude,entecavir tablet,antiviral,Treats chronic hepatitis B with high antiviral potency,"Headache, fatigue, dizziness, nausea",Take on empty stomach once daily,Few significant interactions; avoid stopping abruptly
AKT-4,isoniazid + rifampicin + ethambutol + pyrazinamide,antitubercular,Fixed-dose combination for initial tuberculosis treatment,"Liver toxicity, joint pain, nausea, orange body fluids",Take on empty stomach daily; complete full 6-month course,Rifampicin reduces many drug levels including birth control
R-Cinex,rifampicin + isoniazid,antitubercular,Continuation phase tuberculosis treatment combination,"Orange urine, liver problems, nausea, numbness",Take on empty stomach daily with vitamin B6 supplement,Rifampicin reduces many drug levels; monitor liver
Mycobutol,ethambutol tablet,antitubercular,Part of multi-drug tuberculosis treatment regimen,"Visual problems, joint pain, nausea, numbness",Take once daily with food; regular eye exams needed,Monitor vision regularly; dose adjust in kidney disease
Combutol,ethambutol hydrochloride,antitubercular,Essential component of TB combination therapy,"Eye problems, nausea, rash, joint pain",Take once daily; report any vision changes immediately,Regular eye checks; reduce dose in kidney impairment
Pyzina,pyrazinamide tablet,antitubercular,Kills dormant TB bacteria in first 2 months of treatment,"Joint pain, gout flares, liver damage, nausea",Take once daily with food as part of combination,Monitor liver and uric acid; caution with gout drugs
Ciplar,propranolol tablet,cardiac,Controls anxiety tremor and prevents migraine attacks,"Tiredness, cold hands, slow heartbeat, sleep problems",Take 2-3 times daily with food; do not stop suddenly,Avoid with verapamil; caution in asthma and diabetes
Revelol,nebivolol tablet,cardiac,Lowers blood pressure with blood vessel relaxing effect,"Headache, tiredness, dizziness, tingling",Take once daily with or without food,Avoid with verapamil; caution with diabetes drugs
Cardivas,carvedilol tablet,cardiac,Treats heart failure and high blood pressure effectively,"Dizziness, tiredness, low blood pressure, weight gain",Take twice daily with food; increase dose gradually,Avoid with verapamil; caution with insulin
Dilcontin,diltiazem extended-release,cardiac,Controls blood pressure and angina with once-daily dosing,"Constipation, headache, dizziness, ankle swelling",Take once daily; swallow whole without crushing,Avoid with beta-blockers; caution with statins
Ismo,isosorbide mononitrate tablet,cardiac,Prevents angina attacks throughout the day,"Headache, dizziness, flushing, nausea",Take once daily in the morning; eccentric dosing schedule,Never combine with PDE5 inhibitors; avoid alcohol
Novamox,amoxicillin 500mg capsule,antibiotic,Treats dental and throat and skin bacterial infections,"Diarrhea, nausea, rash, stomach upset",Take every 8 hours with or without food; complete full course,May reduce birth control pills effectiveness
Orzid,ceftazidime,antibiotic,Treats serious hospital-acquired gram-negative infections,"Diarrhea, rash, injection site reaction, nausea",Given by injection every 8-12 hours in hospital,Caution with aminoglycosides; monitor kidney function
Piptaz,piperacillin + tazobactam,antibiotic,Treats severe hospital infections with broad coverage,"Diarrhea, nausea, rash, injection site reaction",Given by IV infusion every 6-8 hours in hospital,Caution with blood thinners; monitor kidney and liver
Faronem,faropenem,antibiotic,Treats respiratory and urinary infections in outpatients,"Diarrhea, nausea, headache, rash",Take with food twice daily; complete prescribed course,Few significant interactions; caution with valproic acid
Clavpod,cefpodoxime + clavulanic acid,antibiotic,Treats resistant respiratory and urinary infections,"Diarrhea, nausea, stomach pain, headache",Take with food for better absorption; complete course,Antacids reduce absorption; caution with probenecid
Zanocin,ofloxacin tablet,antibiotic,Treats traveler's diarrhea and urinary tract infections,"Nausea, headache, dizziness, insomnia",Take with or without food twice daily; complete course,Avoid antacids and iron 2 hours around dose
Supherb,cefixime + ofloxacin,antibiotic,Dual-action treatment for mixed bacterial infections,"Diarrhea, nausea, headache, dizziness",Take with food twice daily; complete prescribed course,Avoid antacids; caution with blood thinners
Mahacef Plus,cefixime + azithromycin,antibiotic,Combination for typhoid and resistant respiratory infections,"Diarrhea, nausea, stomach pain, headache",Take with food; follow prescribed dosing schedule,Avoid antacids; caution with heart rhythm medications
Tobramycin Inj,tobramycin injection,antibiotic,Treats serious gram-negative infections in hospital,"Kidney damage, hearing loss, dizziness, nausea",Given by injection; dose based on weight and kidney function,Avoid with other nephrotoxic drugs; monitor levels
Colistin,colistimethate sodium,antibiotic,Last-resort treatment for multi-drug resistant infections,"Kidney toxicity, numbness, tingling, breathing difficulty",Given by IV in hospital with careful monitoring,Avoid with other kidney-toxic drugs; monitor closely
Glucophage,metformin 1000mg,antidiabetic,High-dose metformin for advanced type 2 diabetes,"Nausea, diarrhea, metallic taste, vitamin B12 depletion",Take with meals; start with lower dose and increase,Avoid alcohol; stop before contrast dye procedures
Zoryl,glimepiride + metformin,antidiabetic,Combined insulin release and sugar reduction therapy,"Low blood sugar, nausea, diarrhea, weight gain",Take with meals once or twice daily as prescribed,Avoid alcohol; caution with beta-blockers masking low sugar
Obimet,metformin 500mg tablet,antidiabetic,Starting dose for newly diagnosed type 2 diabetes,"Nausea, stomach discomfort, diarrhea, metallic taste",Take with meals; start once daily and increase gradually,Avoid alcohol; stop 48 hours before contrast dye tests
Tribet,glimepiride + metformin + pioglitazone,antidiabetic,Triple combination for difficult-to-control diabetes,"Low blood sugar, weight gain, swelling, nausea",Take with breakfast as prescribed; monitor blood sugar,Avoid alcohol; caution with heart failure history
Voglitor,voglibose + metformin,antidiabetic,Controls both fasting and post-meal blood sugar,"Bloating, gas, diarrhea, stomach pain",Take at the start of meals as prescribed,Caution with other diabetes drugs; adjust doses carefully
Ecosprin AV,aspirin + atorvastatin,cardiac,Combined heart protection with blood thinning and cholesterol,"Stomach upset, muscle pain, bleeding, headache",Take at bedtime with or without food,Avoid grapefruit; caution with other blood thinners
Deplatt,clopidogrel tablet,cardiac,Prevents blood clots after heart stent or bypass surgery,"Bleeding, bruising, stomach upset, diarrhea",Take once daily with or without food,Avoid with omeprazole; caution with blood thinners
Rosulip,rosuvastatin tablet,cardiac,Lowers cholesterol strongly to protect heart health,"Muscle pain, headache, nausea, constipation",Take once daily at any time; with or without food,Avoid with cyclosporine; caution with blood thinners
Tonact,atorvastatin tablet,cardiac,Prevents heart attacks by lowering bad cholesterol,"Muscle pain, nausea, headache, joint pain",Take once daily at bedtime; with or without food,Avoid grapefruit; caution with certain antibiotics
Storvas,atorvastatin calcium,cardiac,Long-term cholesterol management for heart protection,"Muscle aches, nausea, headache, liver enzyme changes",Take once daily preferably at bedtime,Avoid grapefruit juice; caution with fibrates
Arkamin H,clonidine + hydrochlorothiazide,cardiac,Combined nervous system and fluid control for blood pressure,"Drowsiness, dry mouth, dizziness, frequent urination",Take once or twice daily; do not stop suddenly,Monitor potassium; avoid sudden withdrawal
Envas,enalapril tablet,cardiac,Protects kidneys and heart while lowering blood pressure,"Dry cough, dizziness, fatigue, headache",Take once or twice daily at consistent times,Avoid potassium supplements; caution with lithium
Telmikind,telmisartan + amlodipine,cardiac,Dual action for better blood pressure control,"Dizziness, swelling, headache, back pain",Take once daily at the same time,Avoid potassium supplements; caution with lithium
Metolar,metoprolol succinate extended-release,cardiac,Once-daily heart rate and blood pressure control,"Tiredness, dizziness, slow heartbeat, headache",Take once daily with food; do not crush tablet,Avoid with verapamil; caution in asthma
Telma AM,telmisartan + amlodipine combination,cardiac,Strong blood pressure reduction with kidney protection,"Ankle swelling, dizziness, headache, diarrhea",Take once daily at the same time; with or without food,Avoid potassium supplements and grapefruit
Asthalin HFA,salbutamol inhaler HFA,respiratory,Quick-relief rescue inhaler for asthma attacks,"Tremor, fast heartbeat, headache, throat irritation",Shake well; inhale 1-2 puffs as needed for breathing,Caution with beta-blockers; may interact with diuretics
Budamate,budesonide + formoterol,respiratory,Dual inhaler for long-term asthma and COPD control,"Oral thrush, tremor, headache, hoarseness",Inhale twice daily; rinse mouth after each use,Caution with beta-blockers; avoid ketoconazole
Levolin Plus,levosalbutamol + ipratropium,respiratory,Opens airways through two mechanisms for COPD relief,"Dry mouth, tremor, cough, headache",Nebulize 3-4 times daily as prescribed,Caution with other anticholinergics; avoid beta-blockers
Pulmicort,budesonide respules,respiratory,Nebulized steroid for children with asthma,"Oral thrush, cough, hoarseness, growth effects with long use",Nebulize once or twice daily; rinse mouth after,Caution with ketoconazole; few other interactions
Ventorlin,salbutamol nebulization,respiratory,Opens airways in acute asthma attacks via nebulizer,"Tremor, fast heartbeat, headache, anxiety",Nebulize as needed; follow prescribed dosing frequency,Caution with beta-blockers; may interact with diuretics
Ranidom,ranitidine + domperidone,gastrointestinal,Reduces acid and relieves nausea together,"Headache, dry mouth, diarrhea, dizziness",Take 30 minutes before meals twice daily,May reduce ketoconazole absorption; caution with heart drugs
Sompraz,esomeprazole + domperidone,gastrointestinal,Maximum acid control with anti-nausea protection,"Headache, diarrhea, dry mouth, flatulence",Take before meals on empty stomach; once daily,Avoid clopidogrel; may reduce some drug absorption
Aciloc,ranitidine 150mg brand,gastrointestinal,Acid reducer for peptic ulcer and heartburn relief,"Headache, constipation, diarrhea, dizziness",Take twice daily 30 minutes before meals,May reduce absorption of some antifungal drugs
Duphalac,lactulose solution,gastrointestinal,Treats constipation and prevents liver-related confusion,"Bloating, gas, stomach cramps, diarrhea",Take 1-2 times daily; adjust dose for soft stools,Few drug interactions; safe for liver patients
Ultracet Plus,tramadol + paracetamol forte,gastrointestinal,Manages moderate pain from dental and surgical procedures,"Nausea, dizziness, drowsiness, constipation",Take every 6 hours as needed; do not exceed daily limit,Avoid MAO inhibitors and alcohol; watch paracetamol limit
Spasmo Proxyvon Plus,dicyclomine + paracetamol + tramadol,gastrointestinal,Relieves severe abdominal cramps with strong pain control,"Drowsiness, dry mouth, nausea, constipation",Take as prescribed; use shortest duration needed,Avoid alcohol and opioids; many interactions
Ulgel,aluminium hydroxide + magnesium hydroxide,gastrointestinal,Quick-acting antacid for heartburn and indigestion,Constipation or diarrhea depending on balance,Take after meals and at bedtime; shake liquid well,Take 2 hours apart from other medications
Mucaine,aluminium hydroxide + magnesium hydroxide + oxethazaine,gastrointestinal,Coats stomach and numbs acid pain for quick relief,"Constipation, nausea, numbness of tongue",Take before meals; shake well before use,Take 2 hours apart from other medications
Chymoral Forte,trypsin + chymotrypsin,musculoskeletal,Reduces swelling and inflammation after surgery or injury,"Nausea, diarrhea, allergic reactions (rare)",Take on empty stomach twice daily for 5-7 days,Avoid with blood thinners; caution with aspirin
Enzomac,serratiopeptidase,musculoskeletal,Reduces swelling and promotes healing after surgery,"Nausea, stomach upset, skin rash (rare)",Take on empty stomach 30 minutes before meals,Caution with blood thinners; may increase bleeding
Dolokind Plus,aceclofenac + paracetamol + serratiopeptidase,musculoskeletal,Triple action for pain and swelling with enzyme healing,"Stomach upset, nausea, dizziness, drowsiness",Take after meals twice daily as prescribed,Avoid blood thinners; do not exceed paracetamol limit
Mobicam,piroxicam + paracetamol,musculoskeletal,Long-acting pain relief for arthritis and injuries,"Stomach pain, nausea, dizziness, drowsiness",Take after meals; once or twice daily,Avoid blood thinners; watch paracetamol daily limit
Etova,etodolac,musculoskeletal,Reduces arthritis pain with lower stomach side effect risk,"Stomach upset, dizziness, headache, rash",Take twice daily with food; use lowest effective dose,Avoid with blood thinners; caution with lithium
Topcef,cefetamet pivoxil,musculoskeletal,Treats bone and joint bacterial infections,"Diarrhea, nausea, headache, rash",Take with food twice daily; complete full course,Caution with probenecid; few other interactions
Flucort N,fluocinolone + neomycin,dermatological,Treats infected eczema with steroid and antibiotic,"Skin thinning, irritation, burning at site",Apply thin layer twice daily; do not use beyond 2 weeks,Do not use on face for long; avoid occlusive dressings
Dermadew,glycerin + light liquid paraffin + cetearyl alcohol,dermatological,Moisturizes and protects very dry and sensitive skin,"Mild irritation (rare), greasiness",Apply liberally after bathing; reapply as needed,No significant drug interactions
Sertaconazole Cream,sertaconazole nitrate cream,dermatological,Treats stubborn fungal skin infections including tinea,"Mild burning, redness at application site",Apply twice daily on clean dry skin for 4 weeks,Few drug interactions for topical use
Nizral,ketoconazole shampoo,dermatological,Treats dandruff and seborrheic dermatitis of scalp,"Scalp irritation, dryness, hair texture change",Apply to wet scalp; leave 3-5 minutes; rinse; twice weekly,For external use only; few interactions
Dexorange Skin,desonide cream,dermatological,Mild steroid for sensitive skin areas and children's eczema,"Mild burning, itching, skin dryness",Apply thin layer 1-2 times daily on affected areas,Do not use on infected skin without antibiotic
Megaheal,epidermal growth factor gel,dermatological,Promotes healing of chronic wounds and diabetic ulcers,Mild irritation at application site,Apply on clean wound once daily; cover with dressing,Few drug interactions; safe with other wound care
I-Tears,hydroxypropyl methylcellulose eye drops,ophthalmic,Soothes dry eyes from screen use and air conditioning,Mild temporary blurring after application,Put 1-2 drops as needed; can be used throughout day,Safe with all eye medications; remove contacts first
Flur,fluorometholone eye drops,ophthalmic,Treats eye inflammation from allergies with lower risk,"Eye irritation, blurred vision, mild stinging",Put 1-2 drops 2-4 times daily; shake well before use,Monitor eye pressure with prolonged use
Gatiquin,gatifloxacin eye drops,ophthalmic,Treats bacterial eye infections and prevents post-surgery infection,"Eye stinging, headache, altered taste, eye redness",Put 1 drop 3-4 times daily; reduce as infection clears,Few systemic interactions for eye drops
Vigamox,moxifloxacin eye drops brand,ophthalmic,Premium antibiotic eye drops for conjunctivitis treatment,"Eye irritation, blurred vision, dry eye",Put 1 drop 3 times daily for 7 days,Few systemic interactions; safe with other eye drops
Soza,sodium valproate syrup,neurological,Controls seizures in children with convenient liquid form,"Weight gain, stomach upset, tremor, drowsiness",Give measured dose 2-3 times daily with food,Avoid in pregnancy; many drug interactions
Depakote,divalproex sodium,neurological,Prevents seizures and treats bipolar mania and migraine,"Weight gain, tremor, hair loss, liver effects",Take with food 2-3 times daily; monitor liver function,Avoid in pregnancy; caution with aspirin
Topamax,topiramate brand tablet,neurological,Prevents epileptic seizures and chronic migraines,"Tingling, weight loss, kidney stones, memory difficulty",Take twice daily; increase dose slowly over weeks,Reduces birth control effectiveness; drink plenty of water
Keppra,levetiracetam brand tablet,neurological,Modern seizure control with minimal drug interactions,"Drowsiness, weakness, mood changes, infection",Take twice daily at same times; do not stop suddenly,Few drug interactions; can combine with other seizure drugs
Neurontin,gabapentin brand capsule,neurological,Treats nerve pain from diabetes and post-herpetic neuralgia,"Dizziness, drowsiness, swelling, weight gain",Take 3 times daily; separate antacids by 2 hours,Caution with opioids; increases sedation with alcohol
Forcan,fluconazole 150mg,antifungal,Single-dose treatment for vaginal yeast infections,"Nausea, headache, stomach pain, diarrhea",Take single capsule with water; repeat if needed after 3 days,Interacts with blood thinners and statins
Canesten,clotrimazole pessary,antifungal,Local treatment for vaginal yeast infections,"Mild burning, irritation at application site",Insert once at bedtime; may need 3-6 day course,Few systemic interactions; may damage latex condoms
Itaspor,itraconazole capsule,antifungal,Treats nail fungus and deep-seated fungal infections,"Nausea, headache, liver problems, rash",Take capsules with full meal for absorption,Many drug interactions with heart and cholesterol drugs
Zocon,fluconazole 200mg,antifungal,Treats serious systemic and oral fungal infections,"Nausea, headache, liver enzyme changes, rash",Take once daily with or without food; complete course,Many interactions with blood thinners and seizure drugs
Parvir,oseltamivir brand capsule,antiviral,Brand treatment for influenza within 48 hours of onset,"Nausea, vomiting, headache, dizziness",Take twice daily for 5 days with food,Few significant drug interactions
Herpex,acyclovir 200mg tablet,antiviral,Treats cold sores and genital herpes outbreaks,"Nausea, headache, diarrhea, fatigue",Take 5 times daily for 5-10 days; drink plenty of water,Stay hydrated; caution with kidney-affecting drugs
Viraday,tenofovir + emtricitabine + efavirenz,antiviral,Complete single-pill HIV treatment taken once daily,"Dizziness, vivid dreams, nausea, rash initially",Take at bedtime on empty stomach; take daily without missing,Many drug interactions; avoid with similar antiviral drugs
Thyronorm 25,levothyroxine 25mcg,endocrine,Low starting dose for thyroid hormone replacement,Usually none at correct dose; overdose causes tremor,Take on empty stomach 30-60 minutes before breakfast daily,Space 4 hours from calcium and iron supplements
Thyronorm 75,levothyroxine 75mcg,endocrine,Mid-range dose thyroid hormone for hypothyroidism,"Weight changes, tremor, sweating if dose too high",Take on empty stomach 30 minutes before breakfast,Take 4 hours apart from calcium and iron; avoid soy
Thyronorm 100,levothyroxine 100mcg,endocrine,Higher dose thyroid replacement for moderate deficiency,"Tremor, fast heartbeat, sweating if overdosed",Take on empty stomach early morning; same time daily,Space from calcium and iron by 4 hours
Betnesol,betamethasone tablet,endocrine,Treats severe allergic and inflammatory conditions,"Weight gain, mood changes, high blood sugar, bone loss",Take with food in the morning; taper when stopping,Avoid NSAIDs; raises blood sugar; avoid live vaccines
Kenacort,triamcinolone injection,endocrine,Injects steroid into joints for localized inflammation relief,"Joint infection (rare), skin thinning, flushing",Given by injection into affected joint by doctor,Limit frequency of injections; caution in diabetics
Aquazide,hydrochlorothiazide,diuretic,Lowers blood pressure by removing excess salt and water,"Low potassium, increased blood sugar, dizziness, cramps",Take once daily in the morning,Monitor potassium; caution with lithium and diabetes drugs
Lasilactone,furosemide + spironolactone brand,diuretic,Balanced approach to removing excess fluid with potassium,"Dizziness, nausea, cramps, breast tenderness",Take in the morning with food,Avoid extra potassium; caution with ACE inhibitors
Torlactone,torsemide + spironolactone,diuretic,Strong fluid removal with potassium preservation,"Dizziness, headache, breast tenderness, nausea",Take once daily in the morning,Avoid potassium supplements; monitor electrolytes
Restyl,alprazolam 0.25mg,sedative,Low-dose anxiety relief for daily management,"Drowsiness, dizziness, fatigue, memory issues",Take 2-3 times daily; use lowest effective dose,Avoid alcohol and opioids; habit-forming
Nitrest,zolpidem 10mg,sedative,Initiates sleep quickly for short-term insomnia treatment,"Drowsiness, dizziness, headache, amnesia",Take immediately before bed; ensure 7-8 hours for sleep,Avoid alcohol; do not drive; habit-forming with overuse
Colicaid,dicyclomine + simethicone drops,antispasmodic,Relieves infant colic with antispasmodic and gas relief,"Mild drowsiness, dry mouth (rare)",Give drops before feeds as prescribed,Few interactions in infant doses; use as directed
Meftal Forte,mefenamic acid 500mg,antispasmodic,Stronger relief from menstrual and dental pain,"Stomach upset, nausea, diarrhea, headache",Take after meals as needed; maximum 7 days,Avoid with blood thinners; caution with kidney drugs
Baralgin,metamizole + pitofenone + fenpiverinium,antispasmodic,Combines pain relief with strong antispasmodic action,"Low blood pressure, drowsiness, dry mouth, nausea",Take as needed for severe cramps; injection or tablet,Avoid with blood thinners; caution with blood pressure drugs
Acitrom,acenocoumarol tablet brand,anticoagulant,Blood thinner requiring regular INR monitoring,"Bleeding, bruising, skin necrosis (rare)",Take at the same time daily; regular blood tests essential,Many food and drug interactions; consistent vitamin K diet
Fragmin,dalteparin,anticoagulant,Prevents blood clots in cancer and surgery patients,"Bleeding at injection site, bruising, pain",Inject under skin once or twice daily as prescribed,Avoid with aspirin unless directed; monitor platelets
Innohep,tinzaparin,anticoagulant,Once-daily injection to treat and prevent blood clots,"Bleeding, injection site bruising, nausea",Inject under skin once daily as prescribed,Avoid with other anticoagulants; monitor platelets
Cordarex,amiodarone brand tablet,antiarrhythmic,Controls life-threatening ventricular arrhythmias,"Thyroid problems, lung fibrosis, liver damage, photosensitivity",Take with food; requires regular organ function monitoring,Very many drug interactions; inform all healthcare providers
Tambocor,flecainide brand tablet,antiarrhythmic,Controls supraventricular arrhythmias and AF,"Dizziness, blurred vision, nausea, headache",Take twice daily at regular intervals with or without food,Avoid other antiarrhythmics; caution with beta-blockers
Multaq,dronedarone brand tablet,antiarrhythmic,Prevents atrial fibrillation recurrence,"Diarrhea, nausea, rash, liver enzyme changes",Take twice daily with morning and evening meals,Avoid grapefruit; many drug interactions
Trental,pentoxifylline brand tablet,vasodilator,Improves blood flow to treat peripheral artery disease,"Nausea, dizziness, headache, flushing",Take 3 times daily with meals; swallow whole,Caution with blood thinners and blood pressure drugs
Loniten,minoxidil brand oral,vasodilator,Treats severe resistant high blood pressure,"Water retention, hair growth, fast heartbeat",Take once or twice daily with diuretic and beta-blocker,Must use with other blood pressure drugs for safety
Premarin,conjugated estrogens,hormone,Treats severe menopause symptoms including hot flashes,"Breast tenderness, nausea, headache, bloating",Take once daily; use lowest dose for shortest time,Many drug interactions; blood clot risk increases
Duphaston,dydrogesterone,hormone,Supports pregnancy and treats menstrual irregularities,"Nausea, headache, breast tenderness, bloating",Take as prescribed; usually 10mg twice daily for 10-14 days,Few drug interactions; caution with liver disease
Deviry,medroxyprogesterone acetate,hormone,Treats irregular periods and endometriosis,"Weight changes, mood changes, headache, bloating",Take once daily for prescribed number of days per cycle,Caution with liver disease; may affect diabetes control
Mala D,levonorgestrel + ethinylestradiol,hormone,Combined oral contraceptive pill for pregnancy prevention,"Nausea, breast tenderness, headache, mood changes",Take one pill daily at same time; 21 active + 7 placebo pills,Many drug interactions reduce effectiveness; avoid with smoking
Regestrone,norethisterone acetate,hormone,Treats heavy periods and delays menstruation,"Nausea, headache, breast pain, weight gain",Take as prescribed; usually 5mg 2-3 times daily,Caution with liver disease; avoid with blood clot history
Rifater,rifampicin + isoniazid + pyrazinamide,antitubercular,Three-drug combination for intensive TB treatment phase,"Orange body fluids, liver toxicity, joint pain, nausea",Take on empty stomach daily; monitor liver regularly,Rifampicin affects many drugs; complete full 6-month course
Myambutol,ethambutol brand 400mg,antitubercular,Part of four-drug initial TB treatment regimen,"Visual changes, joint pain, nausea, rash",Take once daily with food; report vision changes immediately,Regular eye exams needed; adjust dose in kidney disease
Rosuvas,rosuvastatin brand tablet,lipid-lowering,Premium statin for aggressive cholesterol lowering,"Muscle pain, headache, nausea, liver enzyme changes",Take at any time daily with or without food,Avoid with cyclosporine; caution with blood thinners
Lipvas,atorvastatin brand tablet,lipid-lowering,Widely prescribed statin for cholesterol management,"Muscle pain, nausea, headache, constipation",Take once daily at bedtime; with or without food,Avoid grapefruit; caution with certain antibiotics
Ezentia,ezetimibe tablet,lipid-lowering,Blocks cholesterol absorption as add-on to statin therapy,"Diarrhea, muscle pain, fatigue, stomach pain",Take once daily with or without food,Safe to combine with statins; caution with fibrates
Lipicard,fenofibrate brand tablet,lipid-lowering,Lowers triglycerides when statins alone are not enough,"Stomach upset, muscle pain, headache",Take once daily with meals for better absorption,Caution when combined with statins; monitor liver and kidneys
Glycomet GP,glimepiride + metformin sustained-release,antidiabetic,Sustained blood sugar control with dual mechanism,"Low blood sugar, nausea, stomach upset, weight gain",Take with breakfast; do not crush sustained-release tablet,Avoid alcohol; beta-blockers may mask hypoglycemia
Telvas,telmisartan tablet brand,antihypertensive,24-hour blood pressure control with kidney protection,"Dizziness, diarrhea, back pain, fatigue",Take once daily at the same time,Avoid potassium supplements; do not combine with ACE inhibitors
Stamlo,amlodipine tablet brand,antihypertensive,Smooth long-acting blood pressure reduction,"Ankle swelling, headache, flushing, dizziness",Take once daily at consistent time; with or without food,Avoid grapefruit juice; caution with simvastatin
Prolomet,metoprolol extended-release brand,antihypertensive,Once-daily heart rate and blood pressure management,"Tiredness, dizziness, cold hands, slow heartbeat",Take with or after food; swallow whole; do not stop suddenly,Avoid verapamil; caution in asthma and diabetes
Trika,alprazolam 0.5mg,sedative,Standard-dose anxiety relief and panic control,"Drowsiness, fatigue, dizziness, memory issues",Take as prescribed; lowest effective dose; short-term use,Avoid alcohol and opioids; habit-forming medication
Etizola,etizolam,sedative,Short-term anxiety and insomnia management,"Drowsiness, muscle weakness, headache, fatigue",Take at bedtime or as prescribed; use shortest duration,Avoid alcohol; habit-forming; do not drive
Clonotril,clonazepam brand 0.5mg,sedative,Controls anxiety and prevents seizure breakthroughs,"Drowsiness, dizziness, memory issues, fatigue",Take twice daily; do not increase dose without doctor,Avoid alcohol and opioids; habit-forming with long use
Defcort,deflazacort,endocrine,Milder steroid with less bone and sugar side effects,"Weight gain, stomach upset, mood changes, acne",Take with food once daily in the morning,Avoid NSAIDs and live vaccines; caution in diabetics
Omnacortil,prednisolone oral brand,endocrine,Controls asthma flares and severe allergic reactions,"Weight gain, mood changes, increased appetite, insomnia",Take with food in the morning; taper before stopping,Avoid NSAIDs; may raise blood sugar in diabetics
Taxim O DT,cefixime dispersible tablet,antibiotic,Easily dissolved antibiotic for children and elderly,"Diarrhea, nausea, stomach pain, headache",Dissolve in water before taking; complete full course,Caution with probenecid; antacids may reduce absorption
Mox CV,amoxicillin + clavulanic acid brand,antibiotic,Enhanced amoxicillin for resistant bacterial infections,"Diarrhea, nausea, vomiting, rash",Take at start of meals; complete full course,May reduce birth control effectiveness
Zenflox OZ,ofloxacin + ornidazole,antibiotic,Treats mixed gut infections from bacteria and parasites,"Nausea, headache, dizziness, metallic taste",Take with food twice daily; avoid alcohol during course,Avoid antacids; strictly avoid alcohol
Monocef O,cefixime + ofloxacin brand,antibiotic,Dual antibiotic for severe urinary and gut infections,"Diarrhea, nausea, headache, dizziness",Take with food; complete prescribed course,Avoid antacids 2 hours around dose
Pantop D,pantoprazole + domperidone brand,gastrointestinal,Acid reduction with anti-nausea for GERD management,"Headache, diarrhea, dry mouth, dizziness",Take before breakfast on empty stomach,May reduce ketoconazole absorption
Razo D,rabeprazole + domperidone brand,gastrointestinal,Comprehensive acid and motility treatment for stomach,"Headache, diarrhea, dry mouth, flatulence",Take before meals; usually once daily morning,May affect absorption of some medications
Aristozyme,fungal diastase + pepsin,gastrointestinal,Digestive enzyme supplement for indigestion relief,"Mild nausea, stomach discomfort (rare)",Take after meals; liquid or tablet form,Few drug interactions; safe as digestive aid
Digene Gel,aluminium hydroxide + magnesium hydroxide gel,gastrointestinal,Fast-acting liquid antacid for acidity and gas relief,"Constipation or diarrhea, chalky taste",Take 10-20ml after meals and at bedtime; shake well,Take 2 hours apart from other medications
Sporlac,lactobacillus spore tablets,gastrointestinal,Hardy probiotic that survives stomach acid to restore gut,"Mild gas, bloating initially",Take 1-2 tablets after meals twice daily,Take 2 hours apart from antibiotics
Emeset 4,ondansetron 4mg tablet,antiemetic,Controls nausea from chemotherapy and post-surgery,"Headache, constipation, fatigue, dizziness",Take 30 minutes before chemotherapy or as prescribed,Caution with heart rhythm medications
Dulcoflex,bisacodyl tablet brand,laxative,Overnight constipation relief with morning bowel action,"Stomach cramps, diarrhea, nausea",Take at bedtime; swallow whole without chewing,Do not take with milk or antacids
Actifed,triprolidine + pseudoephedrine,decongestant,Relieves stuffy nose and allergy symptoms together,"Drowsiness, dry mouth, dizziness, restlessness",Take every 4-6 hours; do not exceed daily dose,Avoid MAO inhibitors; caution with blood pressure drugs
Vicks Action 500,paracetamol + phenylephrine + caffeine,decongestant,Relieves cold symptoms including headache and congestion,"Restlessness, nausea, increased blood pressure",Take after meals up to 3 times daily,Avoid other paracetamol products; caution with BP drugs
Cheston Cold,cetirizine + phenylephrine + paracetamol,decongestant,Complete cold and allergy relief in one tablet,"Drowsiness, dry mouth, nausea, dizziness",Take after meals twice daily as needed,Avoid other paracetamol; avoid alcohol for drowsiness
Wikoryl,paracetamol + phenylephrine + chlorpheniramine,decongestant,Children's cold relief syrup for fever and congestion,"Drowsiness, dry mouth, stomach upset",Give measured dose 3-4 times daily after food,Do not combine with other paracetamol or cold medicines
Cetzine,cetirizine brand tablet,antiallergic,24-hour allergy relief for rhinitis and urticaria,"Drowsiness, dry mouth, headache, fatigue",Take once daily preferably at bedtime,Avoid alcohol; may cause drowsiness with sedatives
Okacet,cetirizine hydrochloride brand,antiallergic,Controls sneezing and itching from allergies,"Drowsiness, dry mouth, fatigue, headache",Take once daily at bedtime with or without food,Avoid alcohol; may enhance sedation
Karvol Plus,menthol + camphor + terpineol inhalant,respiratory,Steam inhalation for cold and nasal congestion relief,"Mild irritation of eyes, nausea if ingested",Add drops to hot water and inhale steam; 2-3 times daily,For inhalation only; do not ingest
Tussq DX,dextromethorphan + phenylephrine + chlorpheniramine,respiratory,Non-narcotic cough suppressant with decongestant,"Drowsiness, dry mouth, dizziness, nausea",Take 3-4 times daily; do not exceed daily dose,Avoid MAO inhibitors; avoid with other cough medicines
Deriphyllin Retard,etophylline + theophylline sustained-release,respiratory,Long-acting airways opening for chronic asthma,"Nausea, headache, insomnia, fast heartbeat",Take twice daily; swallow whole without crushing,Avoid ciprofloxacin; reduce caffeine intake
Polybion,B-complex injection,vitamin,Treats severe B vitamin deficiency via injection,"Injection site pain, mild allergic reactions (rare)",Given by injection as prescribed by doctor,Few drug interactions; supplement oral vitamins after
Osteofos,alendronate 70mg weekly,endocrine,Once-weekly bone strengthening for osteoporosis prevention,"Stomach upset, heartburn, muscle pain",Take first thing Monday morning with full glass of water,Do not lie down 30 minutes; space from calcium by 2 hours
Bandrone,ibandronate,endocrine,Monthly bone strengthening treatment for osteoporosis,"Stomach upset, headache, muscle pain, jaw pain (rare)",Take first thing in morning monthly with full glass of water,Do not lie down 60 minutes; avoid calcium 60 minutes
Cilacar,cilnidipine brand tablet,antihypertensive,Dual-action calcium blocker for smooth BP reduction,"Headache, dizziness, flushing, palpitations",Take once daily after meals at consistent time,Avoid grapefruit; caution with other BP medications
Olmat,olmesartan + amlodipine,antihypertensive,Dual combination for effective blood pressure control,"Dizziness, swelling, headache, diarrhea",Take once daily at the same time,Avoid potassium supplements; caution with NSAIDs
Embeta,metoprolol succinate brand,cardiac,Extended-release heart rate control for angina,"Tiredness, dizziness, cold hands, slow heartbeat",Take once daily with food; swallow whole,Avoid verapamil; do not stop suddenly
Calchek,cilnidipine + telmisartan,cardiac,Triple-action blood pressure control combination,"Dizziness, headache, ankle swelling, fatigue",Take once daily after meals at same time,Avoid grapefruit; do not use with ACE inhibitors
Lupisulin R,regular human insulin,antidiabetic,Fast-acting insulin for mealtime blood sugar control,"Low blood sugar, injection site reactions, weight gain",Inject 15-30 minutes before meals; rotate injection sites,Adjust dose with other diabetes drugs; avoid alcohol
Lupisulin N,NPH human insulin,antidiabetic,Intermediate-acting insulin for background sugar control,"Low blood sugar, injection site reactions, weight gain",Inject once or twice daily at consistent times,Adjust dose with other diabetes drugs; monitor closely
Lupisulin M,mixed human insulin 30/70,antidiabetic,Pre-mixed insulin for convenient twice-daily dosing,"Low blood sugar, injection site reactions, weight gain",Inject before breakfast and dinner; rotate sites,Caution with other blood sugar lowering drugs
Lantus,insulin glargine brand,antidiabetic,24-hour basal insulin for stable blood sugar control,"Low blood sugar, injection site reactions, allergic reaction",Inject once daily at the same time; rotate injection sites,Dose adjustment needed with oral diabetes medications
Novorapid,insulin aspart,antidiabetic,Ultra-fast insulin for precise mealtime sugar control,"Low blood sugar, injection site reactions, allergic reaction",Inject immediately before meals; can inject right after eating,Adjust dose with other diabetes drugs and exercise
Humalog,insulin lispro,antidiabetic,Rapid-acting mealtime insulin starting within 15 minutes,"Low blood sugar, injection site reactions, weight gain",Inject within 15 minutes before meals,Adjust dose with other diabetes drugs; monitor sugar
Apidra,insulin glulisine,antidiabetic,Fast-acting insulin for flexible mealtime dosing,"Low blood sugar, injection site lipodystrophy",Inject within 15 minutes before or after starting a meal,Caution with other hypoglycemic agents
Actrapid,soluble human insulin,antidiabetic,Standard fast-acting insulin for hospitals and emergencies,"Low blood sugar, injection site reactions",Inject 30 minutes before meals or as IV in emergencies,Many drugs affect insulin requirements
Mixtard,biphasic human insulin 30/70,antidiabetic,Pre-mixed insulin for twice-daily routine diabetes care,"Low blood sugar, weight gain, injection site reactions",Inject before breakfast and dinner; mix gently before use,Dose adjustment with other diabetes drugs needed
Levemir,insulin detemir,antidiabetic,Long-acting basal insulin with lower weight gain,"Low blood sugar, injection site reactions, allergic reaction",Inject once or twice daily at the same times,Dose adjustment needed with oral diabetes drugs
Cefspan,cefixime 100mg/5ml suspension,antibiotic,Children's antibiotic for ear and throat infections,"Diarrhea, nausea, stomach pain, rash",Give measured dose twice daily; shake well; complete course,Caution with probenecid; few other interactions
Omnacef,cefdinir capsule brand,antibiotic,Treats sinusitis and bronchitis with once-daily dosing,"Diarrhea, headache, nausea, reddish stools with iron",Take once daily with or without food,Iron supplements may cause red stools; take apart from antacids
Azifast,azithromycin 500mg brand,antibiotic,3-day antibiotic course for adults with chest infections,"Nausea, diarrhea, stomach cramps, headache",Take once daily for 3 days; 1 hour before or 2 after food,Avoid antacids; caution with heart rhythm medications
Clindac A,clindamycin gel,antibiotic,Treats acne by reducing bacteria on skin,"Skin dryness, peeling, irritation, burning",Apply thin layer on clean skin once or twice daily,May cause diarrhea; avoid with erythromycin topical
Piramal,ceftriaxone + sulbactam,antibiotic,Enhanced hospital antibiotic for resistant infections,"Injection site pain, diarrhea, rash, nausea",Given by injection in hospital 1-2 times daily,Avoid calcium IV in neonates; caution with blood thinners
Azicip,azithromycin 250mg brand,antibiotic,Lower dose azithromycin for mild infections,"Nausea, diarrhea, stomach pain, taste changes",Take once daily; 1 hour before or 2 hours after food,Avoid with antacids; caution with heart rhythm drugs
Ciplox TZ,ciprofloxacin + tinidazole brand,antibiotic,Treats mixed bacterial and protozoal gut infections,"Nausea, dizziness, headache, metallic taste",Take on empty stomach; avoid alcohol during treatment,Avoid antacids and dairy; strictly avoid alcohol
Cepodem,cefpodoxime brand,antibiotic,Treats UTI and respiratory infections in outpatients,"Diarrhea, nausea, headache, vaginal infections",Take with food for better absorption; complete course,Antacids reduce absorption; take 2 hours apart
Oframax,ceftriaxone + tazobactam,antibiotic,Broad-spectrum injectable for serious infections,"Injection pain, diarrhea, liver enzyme changes",Given by injection in hospital once or twice daily,Monitor liver function; avoid calcium IV in neonates
Tetracycline,tetracycline hydrochloride,antibiotic,Treats acne and respiratory and urinary infections,"Nausea, sun sensitivity, teeth staining in children",Take on empty stomach; avoid dairy 2 hours around dose,Avoid in children under 8; reduce birth control effectiveness
Pepfiz,paracetamol + famotidine + caffeine,gastrointestinal,Effervescent headache relief with stomach protection,"Nausea, stomach upset (mild)",Dissolve in water and drink after meals as needed,Do not exceed paracetamol daily limit
Zantac,ranitidine brand 150mg,gastrointestinal,Classic acid reducer for peptic ulcers and GERD,"Headache, dizziness, constipation",Take twice daily before meals or once at bedtime,May reduce absorption of some antifungals
Eno,sodium bicarbonate + citric acid,gastrointestinal,Instant effervescent relief from acidity and indigestion,"Gas, bloating, increased thirst",Dissolve in water after meals; not for regular daily use,Avoid with many medications; temporary relief only
Gas-O-Fast,simethicone + sodium bicarbonate,gastrointestinal,Quick relief from gas and bloating and acidity,"Mild bloating, increased thirst",Take after meals as needed; dissolve in water,Few interactions; mainly for temporary relief
Duspatalin,mebeverine brand tablet,gastrointestinal,Controls IBS symptoms without causing constipation,"Mild dizziness, heartburn (rare)",Take 20 minutes before meals 3 times daily,Few drug interactions; safe for long-term IBS use
Lobate,clobetasol propionate brand,dermatological,Strong steroid for resistant eczema and psoriasis patches,"Skin thinning, stretch marks, burning, acne",Apply very thin layer once or twice daily for short periods,Do not use on face; avoid occlusive dressings
Fourderm,clobetasol + ofloxacin + ornidazole + terbinafine,dermatological,Four-way cream for complex infected skin conditions,"Burning, irritation, skin thinning at site",Apply thin layer twice daily for 2 weeks maximum,Do not use on open wounds or face; short-term only
Acrosti,acrosin + gentamicin cream,dermatological,Treats infected wounds and skin ulcers,"Mild burning, irritation at site",Apply on clean wound 1-2 times daily with dressing,Few systemic interactions for topical use
Tenovate,clobetasol propionate cream brand,dermatological,Potent steroid cream for stubborn skin inflammation,"Skin atrophy, stretch marks, delayed wound healing",Apply sparingly once daily; maximum 2 weeks,Do not use on face or skin folds for prolonged periods
Zimig,terbinafine 250mg tablet,dermatological,Oral treatment for stubborn nail fungal infections,"Headache, diarrhea, taste disturbance, liver effects",Take once daily with food for 6-12 weeks for nails,Monitor liver function; caution with caffeine metabolism
Napra D,naproxen + domperidone,analgesic,Pain relief with stomach protection from nausea,"Stomach upset, headache, dizziness, dry mouth",Take after meals twice daily as prescribed,Avoid blood thinners; caution with heart rhythm drugs
Ibuclin,ibuprofen + paracetamol brand,analgesic,Dual-action fever and pain relief combination,"Stomach upset, nausea, dizziness",Take after meals; do not take on empty stomach,Avoid blood thinners; watch paracetamol daily limit
P 125,paracetamol 125mg drops,analgesic,Infant fever and pain relief in drop form,"Rare nausea, liver damage only in overdose",Give measured drops every 4-6 hours; weight-based dosing,Do not combine with other paracetamol products
Pacimol,paracetamol 650mg tablet,analgesic,Strong paracetamol for adults with moderate pain and fever,"Nausea, liver damage in overdose",Take after meals every 6-8 hours; maximum 4 tablets daily,Avoid alcohol; do not exceed recommended daily dose
Crocin Advance,paracetamol 500mg fast-release,analgesic,Faster-acting paracetamol for quick fever and pain relief,"Rare nausea, liver damage in overdose",Take after meals every 4-6 hours as needed,Avoid with other paracetamol; do not exceed 4 grams daily
Nurofen,ibuprofen 400mg brand,analgesic,Strong ibuprofen for moderate pain and inflammation,"Stomach pain, nausea, headache, dizziness",Take with food; do not exceed 3 tablets daily,Avoid with blood thinners and aspirin regularly
Brufamol,ibuprofen + paracetamol suspension,analgesic,Children's pain and fever relief dual-action syrup,"Nausea, stomach upset, dizziness",Give measured dose after food; every 6-8 hours,Do not combine with other paracetamol or ibuprofen
Volini Gel,diclofenac diethylamine gel brand,analgesic,Topical gel for muscle and joint pain relief,"Skin redness, mild tingling at application",Apply 3-4 times daily; gently massage into skin,For external use only; avoid on broken skin
Novamox CV,amoxicillin + clavulanic acid 625mg,antibiotic,Higher-dose combination for serious resistant infections,"Diarrhea, nausea, vomiting, rash",Take at start of meals; complete full prescribed course,May reduce oral contraceptive effectiveness
Tab Rcinex,rifampicin 450mg + isoniazid 300mg,antitubercular,Standard continuation phase TB treatment doses,"Orange body fluids, liver effects, numbness",Take on empty stomach daily with vitamin B6,Rifampicin affects many drugs; monitor liver function
Ecosprin Gold,aspirin + clopidogrel + atorvastatin,cardiac,Triple heart protection in single daily dose,"Bleeding, muscle pain, stomach upset, bruising",Take at bedtime with or without food,Many interactions; avoid grapefruit and omeprazole
Deplatt A,aspirin + clopidogrel,cardiac,Dual antiplatelet therapy after heart procedures,"Bleeding, bruising, stomach upset, rash",Take once daily with or without food,Avoid omeprazole; caution with blood thinners
Ramistar,ramipril brand tablet,cardiac,Heart-protective blood pressure medicine post heart attack,"Dry cough, dizziness, fatigue, high potassium",Take once daily at the same time,Avoid potassium supplements; caution with NSAIDs
Telma H,telmisartan + hydrochlorothiazide brand,cardiac,Combined blood pressure reduction with fluid removal,"Dizziness, back pain, diarrhea, fatigue",Take once daily; stay hydrated,Avoid potassium supplements; caution with lithium
Cardivas CR,carvedilol controlled-release,cardiac,Once-daily heart failure and BP management,"Dizziness, tiredness, weight gain, low blood pressure",Take once daily with food; do not crush,Avoid verapamil; caution with insulin
Coralan,ivabradine brand tablet,cardiac,Specific heart rate reducer for stable angina,"Visual brightness, slow heartbeat, headache",Take twice daily with meals,Avoid verapamil and diltiazem; avoid grapefruit
Syndopa Plus,levodopa + carbidopa + entacapone,neurological,Enhanced Parkinson treatment with longer drug action,"Nausea, dyskinesia, orange-red urine, diarrhea",Take multiple times daily as prescribed; with light meal,Avoid non-selective MAO inhibitors; may color urine
Selegiline,selegiline hydrochloride,neurological,MAO-B inhibitor for early Parkinson disease treatment,"Nausea, dizziness, insomnia, dry mouth",Take once daily in morning or twice daily morning and noon,Avoid tyramine-rich foods at high doses; avoid SSRIs
Amantadine,amantadine hydrochloride,neurological,Treats Parkinson tremor and medication-induced movements,"Dizziness, insomnia, nausea, skin mottling",Take once or twice daily; avoid late evening doses,Avoid with anticholinergic drugs; caution with stimulants
Benzhexol,trihexyphenidyl brand tablet,neurological,Controls tremor and stiffness in Parkinson disease,"Dry mouth, constipation, blurred vision, confusion",Take 3 times daily with meals; increase gradually,Avoid with other anticholinergics; caution in elderly
Kremaffin Plus,liquid paraffin + milk of magnesia + sodium picosulfate,laxative,Strong overnight relief for stubborn constipation,"Stomach cramps, nausea, oily stool",Take at bedtime; shake well; works by morning,Avoid prolonged use; take apart from other medications
Isabgol,psyllium husk powder,laxative,Natural fiber supplement for regular bowel movements,"Bloating, gas initially, mild cramps",Mix in water and drink immediately; follow with more water,Take 2 hours apart from medications; may slow absorption
Kayam,senna + triphala,laxative,Ayurvedic stimulant laxative for occasional constipation,"Stomach cramps, diarrhea, electrolyte loss with overuse",Take 1-2 tablets at bedtime with water,Avoid long-term use; may deplete potassium
Fibogel,ispaghula husk sachets,laxative,High-fiber supplement for IBS and constipation management,"Bloating, flatulence, mild cramps initially",Dissolve in water; drink immediately; take with meals,Space 2 hours from other medications
Moxclav,amoxicillin + clavulanic acid 1g,antibiotic,High-dose combination for severe respiratory infections,"Diarrhea, nausea, vomiting, rash, liver enzyme changes",Take at start of meals twice daily; complete full course,May reduce birth control; caution with methotrexate
Levoflox 500,levofloxacin 500mg brand,antibiotic,Once-daily fluoroquinolone for pneumonia and UTI,"Nausea, diarrhea, headache, dizziness, tendon pain",Take once daily with plenty of water,Avoid antacids; caution with diabetes and seizure drugs
Ceftas CV,ceftazidime + clavulanic acid,antibiotic,Enhanced hospital antibiotic against resistant organisms,"Diarrhea, nausea, injection site pain, rash",Given by injection in hospital every 8-12 hours,Monitor kidney function; caution with aminoglycosides
Inj Amikacin,amikacin sulfate injection brand,antibiotic,Hospital injectable for serious gram-negative sepsis,"Kidney damage, hearing loss, dizziness",Given by injection; dose based on weight and kidney function,Monitor drug levels; avoid other nephrotoxic drugs
Moxikind CV,amoxicillin + clavulanic acid 375mg,antibiotic,Mid-strength antibiotic for moderate infections,"Diarrhea, nausea, stomach upset, rash",Take at start of meals 3 times daily; complete course,May reduce birth control effectiveness
Pivoxil,cefpodoxime proxetil 200mg,antibiotic,Oral cephalosporin for respiratory and urinary infections,"Diarrhea, nausea, headache, abdominal pain",Take with food twice daily; complete prescribed course,Antacids reduce absorption; space by 2 hours
Cefakind,cefaclor,antibiotic,Treats skin and respiratory and urinary infections,"Diarrhea, nausea, vaginal infections, rash",Take every 8 hours; can be with or without food,Caution with probenecid; few other interactions
Lorfast,loratadine,antiallergic,Non-drowsy 24-hour allergy relief for adults,"Headache, dry mouth, fatigue, drowsiness (rare)",Take once daily with or without food,Few drug interactions; minimal sedation
Montair FX,montelukast + fexofenadine,antiallergic,Combined asthma prevention and non-drowsy allergy relief,"Headache, nausea, dry mouth, dizziness",Take once daily in the evening with water,Avoid fruit juice with fexofenadine; few other interactions
Ebastel,ebastine,antiallergic,Long-acting non-drowsy allergy relief,"Headache, dry mouth, drowsiness (rare), nausea",Take once daily with or without food,Caution with ketoconazole and erythromycin
Kestine,ebastine brand tablet,antiallergic,Non-sedating antihistamine for chronic hives,"Headache, dry mouth, stomach pain, drowsiness",Take once daily at the same time,Caution with strong CYP3A4 inhibitors
Rhinocort,budesonide nasal spray brand,respiratory,Prevents nasal allergy symptoms with daily use,"Nosebleeds, nasal irritation, headache",Spray into nostrils once or twice daily,Few systemic interactions; takes days for full effect
Flixonase,fluticasone nasal spray brand,respiratory,Prescription nasal steroid for severe allergic rhinitis,"Nosebleeds, headache, sore throat, nasal dryness",Spray into each nostril once or twice daily,Few interactions; caution with ritonavir
Nasocort,triamcinolone nasal spray,respiratory,Treats nasal allergy congestion and inflammation,"Nosebleeds, headache, throat irritation",Spray into each nostril once daily; prime before first use,Few systemic interactions; safe for regular use
Maxtra,phenylephrine + chlorpheniramine + paracetamol syrup,respiratory,Children's cold and fever relief syrup,"Drowsiness, dry mouth, stomach upset",Give measured dose 3-4 times daily after food,Do not combine with other paracetamol or cold medicines
Honitus,herbal honey-based cough syrup,respiratory,Natural cough relief with honey and herbal extracts,Mild stomach upset (rare),Take 2 teaspoons 3-4 times daily; can be with or without food,No known significant drug interactions
Cofset,dextromethorphan + guaifenesin + ambroxol,respiratory,Suppresses cough while loosening chest congestion,"Nausea, drowsiness, dizziness, headache",Take 3 times daily after meals; measure liquid doses,Avoid MAO inhibitors; do not combine with other cough drugs
Ambrodil S,ambroxol + levosalbutamol,respiratory,Loosens chest congestion while opening airways,"Tremor, nausea, headache, diarrhea",Take 2-3 times daily after meals,Caution with beta-blockers; few other significant interactions
Ascoril LS,ambroxol + levosalbutamol + guaifenesin,respiratory,Triple-action expectorant for productive cough relief,"Tremor, nausea, headache, palpitations",Take 3 times daily after meals; measure doses carefully,Caution with beta-blockers; avoid other cough suppressants
Cadila Dytor,torsemide 10mg brand,diuretic,Mild diuretic for initial edema treatment,"Dizziness, headache, frequent urination",Take once daily in the morning,Monitor potassium; caution with lithium
Frusenex,furosemide 40mg brand,diuretic,Standard-dose diuretic for fluid overload management,"Low potassium, dizziness, dehydration, cramps",Take in the morning; may need potassium supplement,Caution with aminoglycosides and lithium
Pidilite,pioglitazone + metformin,antidiabetic,Dual insulin sensitizer for type 2 diabetes control,"Weight gain, swelling, nausea, low blood sugar risk",Take with meals once or twice daily,Avoid in heart failure; caution with other diabetes drugs
Glizid,gliclazide 80mg tablet,antidiabetic,Stimulates insulin release for moderate diabetes control,"Low blood sugar, nausea, weight gain, dizziness",Take with breakfast; do not skip meals,Avoid alcohol; caution with beta-blockers
Diapride,glimepiride 2mg tablet,antidiabetic,Low-dose insulin stimulator for early type 2 diabetes,"Low blood sugar, weight gain, dizziness, headache",Take with breakfast; monitor blood sugar regularly,Avoid alcohol; caution with sulfonamide antibiotics
Volibo,voglibose 0.3mg tablet,antidiabetic,Controls post-meal blood sugar spikes in diabetes,"Bloating, gas, diarrhea, stomach pain",Take at the start of each main meal; chew before swallowing,Caution with other diabetes drugs; may need dose adjustment
Tenepure,teneligliptin 20mg brand,antidiabetic,Modern DPP-4 inhibitor for improved insulin response,"Headache, cold symptoms, stomach pain",Take once daily at any time with or without food,Caution with sulfonylureas; monitor blood sugar
Galvus,vildagliptin 50mg,antidiabetic,Boosts incretin hormones for better insulin production,"Headache, dizziness, tremor, nausea",Take once or twice daily with or without food,Monitor liver function; caution with other diabetes drugs
Susten,natural micronized progesterone,hormone,Supports early pregnancy and treats luteal phase defect,"Drowsiness, bloating, breast tenderness",Take at bedtime or insert vaginally as prescribed,May interact with some seizure medications
Gynaset,letrozole 2.5mg fertility,hormone,Stimulates ovulation for fertility treatment,"Hot flashes, headache, joint pain, fatigue",Take once daily for 5 days starting day 3-5 of cycle,Few drug interactions; monitor with ultrasound
Femilon,desogestrel + ethinylestradiol,hormone,Low-dose combined oral contraceptive pill,"Nausea, breast tenderness, headache, mood changes",Take one pill daily at same time for 21 days then 7-day break,Many drugs reduce effectiveness; avoid with smoking over 35
Ovral L,levonorgestrel + ethinylestradiol low-dose,hormone,Combined oral contraceptive with lower hormone content,"Nausea, headache, breakthrough bleeding, mood changes",Take one pill daily at same time; follow 21/7 pattern,Rifampicin and seizure drugs reduce effectiveness
Primolut N,norethisterone 5mg brand,hormone,Postpones periods and treats dysfunctional uterine bleeding,"Nausea, headache, breast tenderness, weight gain",Take 2-3 times daily starting 3 days before expected period,Caution with liver disease; avoid with blood clot history
Plan B,levonorgestrel 1.5mg emergency,hormone,Emergency contraception taken within 72 hours,"Nausea, headache, fatigue, menstrual changes",Take single tablet as soon as possible after unprotected sex,Not for regular use; may be less effective at higher weight
Unwanted 72,levonorgestrel emergency brand,hormone,Morning-after pill for emergency pregnancy prevention,"Nausea, vomiting, headache, irregular bleeding",Take single dose within 72 hours; earlier is more effective,Not for regular contraception; effectiveness decreases with delay
Pause MF,tranexamic acid + mefenamic acid,hematological,Reduces heavy menstrual bleeding with pain relief,"Nausea, stomach pain, headache, dizziness",Take 3 times daily during heavy bleeding days,Avoid with blood clot medications; caution in kidney disease
Tranexa,tranexamic acid 500mg brand,hematological,Controls heavy bleeding in periods and after surgery,"Nausea, diarrhea, headache, muscle aches",Take 3 times daily during bleeding episodes,Avoid with anticoagulants; caution with kidney problems
Amtas,amlodipine 5mg brand,antihypertensive,Daily blood pressure control with calcium channel blocking,"Ankle swelling, headache, flushing, palpitations",Take once daily at consistent time,Avoid grapefruit juice; caution with simvastatin
Telsar,telmisartan 40mg brand,antihypertensive,Kidney-protective blood pressure reduction,"Dizziness, back pain, diarrhea, fatigue",Take once daily at the same time,Avoid potassium supplements; do not use with ACE inhibitors
Losar H,losartan + hydrochlorothiazide brand,antihypertensive,Combination blood pressure control with fluid removal,"Dizziness, fatigue, muscle cramps, high potassium",Take once daily; stay adequately hydrated,Monitor potassium; caution with lithium and NSAIDs
Envas 5,enalapril 5mg brand,antihypertensive,ACE inhibitor for blood pressure and heart protection,"Dry cough, dizziness, headache, fatigue",Take once or twice daily at consistent times,Avoid potassium supplements; caution with lithium
Dilzem SR,diltiazem sustained-release,antihypertensive,Extended blood pressure and heart rate control,"Constipation, dizziness, headache, swelling",Take once or twice daily; swallow whole,Avoid with beta-blockers; caution with statins
Clopilet,clopidogrel 75mg brand,antiplatelet,Prevents blood clots in coronary artery disease,"Bleeding, bruising, diarrhea, rash",Take once daily with or without food,Avoid omeprazole; caution with blood thinners
Ecosprin 150,aspirin 150mg brand,antiplatelet,Higher-dose aspirin for acute coronary protection,"Stomach irritation, bleeding, bruising",Take after meals once daily as prescribed by doctor,Avoid with other blood thinners; do not combine with ibuprofen
Stator,atorvastatin 20mg brand,statin,Mid-dose statin for moderate cholesterol reduction,"Muscle pain, headache, nausea, liver enzyme changes",Take at bedtime; with or without food,Avoid grapefruit; caution with certain antibiotics
Rozucor,rosuvastatin 10mg brand,statin,Effective statin for LDL cholesterol lowering,"Muscle pain, headache, constipation, nausea",Take at any time daily; with or without food,Avoid with cyclosporine; caution with blood thinners
Atorlip,atorvastatin 10mg brand,statin,Starting-dose statin for mild cholesterol elevation,"Muscle pain, headache, nausea, stomach upset",Take once daily at bedtime,Avoid grapefruit; caution with erythromycin
Dilo,diltiazem 30mg brand,cardiac,Treats angina and controls heart rate in AF,"Constipation, dizziness, headache, slow heartbeat",Take 3 times daily with or without food,Avoid with beta-blockers; caution with statins
Isordil,isosorbide dinitrate 5mg brand,cardiac,Sublingual chest pain relief during angina attacks,"Headache, dizziness, flushing, low blood pressure",Place under tongue at onset of chest pain,Never use with sildenafil/tadalafil; avoid alcohol
Perinace,perindopril,cardiac,ACE inhibitor for stable coronary artery disease,"Dry cough, dizziness, headache, fatigue",Take once daily in the morning,Avoid potassium supplements; caution with NSAIDs
Cardura,doxazosin brand tablet,cardiac,Treats high blood pressure and enlarged prostate,"Dizziness on standing, headache, tiredness",Take at bedtime; rise slowly from sitting position,Caution with other blood pressure medications
Tenoric,atenolol + chlorthalidone,cardiac,Combined beta-blocker and diuretic for blood pressure,"Tiredness, dizziness, low potassium, cold hands",Take once daily in the morning,Monitor potassium; caution with diabetes medications
Aciloc 150,ranitidine 150mg another brand,gastrointestinal,Acid reducer for peptic ulcer healing,"Headache, constipation, dizziness",Take twice daily before meals or at bedtime,May reduce some antifungal drug absorption
Gelusil MPS,magaldrate + simethicone,gastrointestinal,Fast-acting antacid with anti-gas relief,"Constipation or diarrhea, chalky taste",Take after meals and at bedtime; chew well,Take 2 hours apart from other oral medications
Pantodac,pantoprazole 40mg brand,gastrointestinal,Acid pump blocker for GERD and ulcer healing,"Headache, diarrhea, nausea, dizziness",Take before breakfast on empty stomach,Long-term use may reduce B12 and magnesium
Rablet,rabeprazole 20mg brand,gastrointestinal,Proton pump inhibitor for acid reflux management,"Headache, diarrhea, nausea, flatulence",Take before meals once daily,May reduce absorption of some medications
Normet,metronidazole 400mg brand,antiprotozoal,Treats amoebiasis and giardiasis gut infections,"Nausea, metallic taste, headache, dark urine",Take with meals; complete full course,Strictly avoid alcohol for 48 hours after treatment
Satrogyl,satranidazole,antiprotozoal,Treats intestinal amoebiasis with fewer side effects,"Nausea, headache, dizziness, dry mouth",Take with food; complete prescribed course,Avoid alcohol; fewer interactions than metronidazole
Oflomac OZ,ofloxacin + ornidazole brand,antiprotozoal,Dual treatment for mixed gut infections,"Nausea, dizziness, headache, metallic taste",Take with food twice daily; complete course,Avoid alcohol; avoid antacids around dose time
Flagentyl,secnidazole 1g brand,antiprotozoal,Single-dose treatment for intestinal amoebiasis,"Nausea, metallic taste, headache",Take single dose with food; repeat if needed,Strictly avoid alcohol for 48 hours
Zentel,albendazole 400mg brand,antiprotozoal,Treats roundworm and hookworm and tapeworm infections,"Stomach pain, headache, nausea, dizziness",Take single dose with fatty food for better absorption,Avoid in early pregnancy; caution with liver disease
Vermiclean,mebendazole 100mg brand,antiprotozoal,Chewable deworming tablet for family use,"Stomach pain, diarrhea, dizziness (rare)",Chew or swallow with water; repeat after 2-3 weeks,Few drug interactions; safe for family deworming
Bendex,albendazole 400mg another brand,antiprotozoal,Single-dose deworming for common intestinal worms,"Stomach discomfort, headache, nausea",Take single dose with meals; repeat if needed,Avoid in early pregnancy; few other interactions
Oflox OZ,ofloxacin + ornidazole 200mg,antiprotozoal,Lower-dose combination for mild gut infections,"Nausea, headache, dizziness, metallic taste",Take with food twice daily,Avoid alcohol; space antacids 2 hours apart
Tiniba,tinidazole 500mg brand,antiprotozoal,Treats giardiasis and trichomoniasis infections,"Metallic taste, nausea, headache, dizziness",Take with food; may need single or multi-day course,Strictly avoid alcohol during and after treatment
Nizonide,nitazoxanide,antiprotozoal,Broad-spectrum antiparasitic for Giardia and Crypto,"Stomach pain, nausea, headache, yellow-green urine",Take with food twice daily for 3 days,Few significant drug interactions
Mintop,minoxidil topical solution,dermatological,Promotes hair regrowth in male and female pattern baldness,"Scalp irritation, unwanted facial hair, dizziness",Apply to dry scalp twice daily; massage gently,For external use only; may cause initial hair shedding
Finpecia,finasteride 1mg brand,dermatological,Treats male pattern hair loss by blocking DHT,"Sexual problems, breast tenderness, mood changes",Take once daily with or without food,Women should not handle crushed tablets; few interactions
Retino-A,tretinoin cream brand,dermatological,Prescription acne cream for moderate to severe acne,"Skin peeling, redness, dryness, sun sensitivity",Apply at bedtime on clean skin; use sunscreen daytime,Avoid with benzoyl peroxide simultaneously; avoid sun
Clindagel,clindamycin phosphate gel brand,dermatological,Antibiotic gel for inflammatory acne treatment,"Skin dryness, irritation, peeling, burning",Apply thin layer on clean affected areas once or twice daily,May cause diarrhea; avoid with topical erythromycin
SBL Drops,sodium chloride 0.65% nasal drops,respiratory,Saline nasal drops for congestion and dryness relief,"Mild stinging, sneezing initially",Use 2-3 drops in each nostril as needed,No drug interactions; safe for all ages
Mucobron,ambroxol 30mg tablet,respiratory,Thins and loosens chest mucus for easier breathing,"Nausea, diarrhea, stomach pain",Take 2-3 times daily after meals,Few significant drug interactions
Prospan,ivy leaf extract syrup,respiratory,Natural herbal expectorant for productive cough,"Mild stomach upset, nausea (rare)",Take 3 times daily; measure dose carefully,Few known drug interactions; safe herbal option
Visine,tetrahydrozoline eye drops,ophthalmic,Reduces redness and irritation in tired eyes quickly,"Mild stinging, rebound redness with overuse",Put 1-2 drops up to 4 times daily; avoid prolonged use,Do not use with soft contact lenses; limit to 3 days
Systane,polyethylene glycol + propylene glycol,ophthalmic,Advanced dry eye relief with extended moisture retention,Mild temporary blurring after application,Put 1-2 drops as needed throughout the day,Safe with most eye medications; remove contacts first
Cyclogyl,cyclopentolate eye drops,ophthalmic,Dilates pupils for eye examination and treats inflammation,"Blurred vision, light sensitivity, stinging, headache",Put as directed by eye doctor before examination,Effects last 6-24 hours; avoid driving after use
Tropicacyl,tropicamide eye drops,ophthalmic,Short-acting pupil dilator for eye examination,"Temporary blurred vision, light sensitivity, stinging",Put 1-2 drops before eye exam; effects last 4-6 hours,Caution with glaucoma; temporary vision effects
Betagan,levobunolol eye drops,ophthalmic,Lowers eye pressure to treat open-angle glaucoma,"Eye stinging, blurred vision, eye redness",Put 1 drop in affected eye once or twice daily,Caution with systemic beta-blockers; avoid in asthma
Lopamide,loperamide 2mg capsule brand,antidiarrheal,Standard dose for controlling acute diarrhea,"Constipation, stomach cramps, dry mouth, drowsiness",Take 2 initially then 1 after each loose motion; max 8 daily,Do not use with blood or fever in stool
Norfloxacin Tab,norfloxacin 400mg brand,antibiotic,Treats uncomplicated urinary tract infections,"Nausea, headache, dizziness, stomach pain",Take on empty stomach with plenty of water; twice daily,Avoid antacids and dairy; caution with theophylline
Cifran CT,ciprofloxacin + tinidazole tablet,antibiotic,Broad-spectrum gut infection treatment combination,"Nausea, metallic taste, dizziness, headache",Take with food; strictly avoid alcohol,Avoid antacids and dairy products; no alcohol
Bifilac,lactobacillus + streptococcus faecalis,gastrointestinal,Multi-strain probiotic for digestive health maintenance,Mild gas and bloating initially,Take 1-2 capsules after meals twice daily,Take 2 hours after antibiotics for best effect
Enterogermina,bacillus clausii spores,gastrointestinal,Spore-forming probiotic that survives with antibiotics,Mild bloating (rare),Take 1-2 vials daily during or after antibiotic course,Can be taken alongside antibiotics safely
Cefolac,cefixime + lactic acid bacillus,antibiotic,Antibiotic with probiotic to prevent gut side effects,"Mild diarrhea, nausea, stomach pain",Take with food twice daily; complete full course,Probiotic component reduces gut side effects
Zocef,cefuroxime 500mg brand,antibiotic,Treats sinusitis and pneumonia and skin infections,"Diarrhea, nausea, headache, vomiting",Take with food twice daily; complete full course,Probenecid increases levels; avoid with aminoglycosides
Azax,azithromycin 500mg another brand,antibiotic,Once-daily 3-day antibiotic for respiratory infections,"Nausea, diarrhea, abdominal pain, headache",Take 1 hour before or 2 after food; once daily,Avoid antacids; caution with heart rhythm drugs
Strocit,citicoline,neurological,Supports brain function recovery after stroke,"Nausea, headache, diarrhea, insomnia",Take twice daily with or without food,Few significant interactions; safe with most medications
Nootropil,piracetam,neurological,Improves cognitive function and treats vertigo,"Nervousness, weight gain, drowsiness, insomnia",Take 2-3 times daily with or without food,Caution with blood thinners; few other interactions
Vertin,betahistine,neurological,Treats vertigo and dizziness from inner ear problems,"Nausea, headache, stomach upset, bloating",Take 3 times daily with meals,Caution with antihistamines; few other interactions
Stugeron,cinnarizine,neurological,Treats motion sickness and inner ear dizziness,"Drowsiness, weight gain, stomach upset, headache",Take 2-3 times daily after meals,Increases drowsiness with alcohol and sedatives
Piracetam Tab,piracetam 800mg brand,neurological,Enhances memory and treats cognitive decline,"Nervousness, insomnia, drowsiness, weight gain",Take 2-3 tablets daily with or without food,Caution with blood thinners; may increase thyroid hormone
Betaserc,betahistine brand tablet,neurological,Controls Meniere disease vertigo and tinnitus,"Stomach upset, headache, nausea, bloating",Take 3 times daily with meals; long-term use often needed,Caution with antihistamines which may reduce effect
Okamethacin,indomethacin capsule brand,anti-inflammatory,Strong anti-inflammatory for gout and severe arthritis,"Stomach pain, headache, dizziness, nausea",Take with food 2-3 times daily,Avoid blood thinners; caution with lithium and diuretics
Coxyveen,celecoxib 200mg brand,anti-inflammatory,Selective pain relief for osteoarthritis and RA,"Stomach discomfort, headache, swelling, dizziness",Take once or twice daily with or without food,Avoid with blood thinners; caution with ACE inhibitors
Melonex,meloxicam 15mg brand,anti-inflammatory,Once-daily arthritis pain and stiffness control,"Stomach pain, dizziness, headache, diarrhea",Take once daily with food; use lowest effective dose,Avoid blood thinners; caution with lithium
Haldol,haloperidol injection,psychiatric,Injectable for acute psychiatric emergencies,"Muscle stiffness, drowsiness, dry mouth, tremor",Given by injection in hospital for acute agitation,Avoid alcohol; many drug interactions
Ativan,lorazepam,psychiatric,Short-acting anxiety and seizure emergency medication,"Drowsiness, dizziness, weakness, unsteadiness",Take 2-3 times daily or as needed; use short-term,Avoid alcohol and opioids; habit-forming medication
Valium,diazepam,psychiatric,Treats anxiety and muscle spasms and seizure emergencies,"Drowsiness, fatigue, muscle weakness, confusion",Take 2-3 times daily; use lowest effective dose,Avoid alcohol; many drug interactions; habit-forming
Calmpose,diazepam brand tablet,psychiatric,Relieves acute anxiety and muscle tension,"Drowsiness, dizziness, fatigue, memory problems",Take as needed; lowest dose for shortest time,Avoid alcohol and opioids; habit-forming
Mogadon,nitrazepam,sedative,Treats severe insomnia when other options fail,"Morning drowsiness, dizziness, confusion, headache",Take at bedtime; use for shortest possible duration,Avoid alcohol; do not drive next morning; habit-forming
Dormicum,midazolam,sedative,Short-acting sedation for procedures and seizures,"Drowsiness, respiratory depression, amnesia, hiccups",Given by injection or nasal spray in medical settings,Many drug interactions; monitor breathing
Buspirone,buspirone hydrochloride,psychiatric,Non-addictive anxiety treatment for long-term use,"Dizziness, nausea, headache, nervousness initially",Take 2-3 times daily; takes 1-2 weeks for effect,Avoid grapefruit; avoid MAO inhibitors
Paroxetine,paroxetine hydrochloride,psychiatric,Treats depression and anxiety and OCD and PTSD,"Nausea, drowsiness, sexual problems, weight gain",Take once daily in the morning with food,Avoid MAO inhibitors; caution with blood thinners
Citalopram,citalopram hydrobromide,psychiatric,Treats depression with good tolerability,"Nausea, dry mouth, drowsiness, sweating",Take once daily morning or evening,Avoid MAO inhibitors; caution with heart rhythm drugs
Fluvoxamine,fluvoxamine maleate,psychiatric,Treats OCD and social anxiety disorder,"Nausea, drowsiness, headache, insomnia",Take at bedtime; can be with or without food,Avoid MAO inhibitors; many drug interactions
Pristiq,desvenlafaxine,psychiatric,Treats major depression with consistent dosing,"Nausea, dizziness, insomnia, sweating, constipation",Take once daily at the same time; swallow whole,Avoid MAO inhibitors; do not stop suddenly
Bupropion,bupropion hydrochloride,psychiatric,Treats depression and aids smoking cessation,"Insomnia, dry mouth, nausea, headache, seizure risk",Take once or twice daily; avoid bedtime dosing,Avoid with MAO inhibitors; lowers seizure threshold
Valdoxan,agomelatine,psychiatric,Treats depression by resetting sleep-wake cycle,"Nausea, dizziness, headache, drowsiness",Take at bedtime; regular liver function tests needed,Avoid with fluvoxamine and ciprofloxacin
Modalert,modafinil,neurological,Treats excessive daytime sleepiness and narcolepsy,"Headache, nausea, nervousness, insomnia",Take once daily in the morning; avoid late afternoon dosing,Reduces birth control effectiveness; caution with caffeine
Divalproex,divalproex sodium extended-release,neurological,Prevents migraine and controls seizures with once-daily dose,"Weight gain, tremor, hair loss, stomach upset",Take once daily at bedtime with food,Avoid in pregnancy; many drug interactions
Briviact,brivaracetam,antiepileptic,Newer seizure medicine with fast onset of action,"Drowsiness, dizziness, fatigue, nausea",Take twice daily with or without food,Caution with carbamazepine; few other interactions
Sabril,vigabatrin,antiepileptic,Treats infantile spasms and resistant seizures,"Drowsiness, dizziness, weight gain, vision changes",Take once or twice daily; regular eye exams essential,Regular vision monitoring mandatory; few drug interactions
Banzel,rufinamide,antiepileptic,Treats seizures in Lennox-Gastaut syndrome,"Drowsiness, vomiting, headache, fatigue",Take twice daily with food; increase dose slowly,Caution with valproate; may affect birth control
Gabitril,tiagabine,antiepileptic,Add-on treatment for partial seizures,"Dizziness, tiredness, nervousness, tremor",Take 2-4 times daily with food,Dose adjustment with enzyme-inducing seizure drugs
Rilutek,riluzole,neurological,Slows progression of ALS motor neuron disease,"Nausea, weakness, dizziness, liver effects",Take twice daily on empty stomach; monitor liver function,Avoid with hepatotoxic drugs; caution with caffeine
Aubagio,teriflunomide,immunological,Treats relapsing multiple sclerosis,"Diarrhea, nausea, hair thinning, liver effects",Take once daily with or without food,Avoid in pregnancy; many drug interactions; monitor liver
Tecfidera,dimethyl fumarate,immunological,Reduces MS relapses and brain lesion progression,"Flushing, diarrhea, nausea, stomach pain",Take twice daily with food; start with lower dose,May reduce lymphocyte count; regular blood monitoring
Gilenya,fingolimod,immunological,Reduces MS relapses by trapping immune cells,"Slow heartbeat initially, headache, diarrhea, cough",Take once daily; first dose monitoring in hospital,Monitor heart on first dose; caution with vaccines
Colchiheal,colchicine 0.5mg brand,musculoskeletal,Prevents gout attacks and treats familial Mediterranean fever,"Diarrhea, nausea, stomach cramps, vomiting",Take once or twice daily; lower dose for prevention,Avoid with clarithromycin; caution with statins
Fenbid Forte,ibuprofen 600mg,musculoskeletal,Higher-dose ibuprofen for moderate to severe pain,"Stomach pain, nausea, headache, dizziness",Take with food 3 times daily; use shortest duration,Avoid blood thinners; caution with kidney disease
Volitra,diclofenac potassium,musculoskeletal,Faster-absorbed diclofenac for acute pain relief,"Stomach pain, nausea, dizziness, headache",Take with food 2-3 times daily,Avoid blood thinners; caution with kidney disease
Dolonex DT,piroxicam dispersible tablet,musculoskeletal,Dissolves in water for easier arthritis pain relief,"Stomach upset, nausea, dizziness, sun sensitivity",Dissolve in water; take once daily with food,Avoid blood thinners; protect skin from sun
Penegra,sildenafil citrate,urological,Treats erectile dysfunction by improving blood flow,"Headache, flushing, nasal congestion, dizziness",Take 30-60 minutes before activity; once daily maximum,Never use with nitrates; caution with blood pressure drugs
Manforce,sildenafil 100mg brand,urological,Improves blood flow for erectile dysfunction treatment,"Headache, flushing, indigestion, visual changes",Take 1 hour before activity; do not exceed once daily,Never combine with nitrates; caution with alpha-blockers
Tadacip,tadalafil 20mg brand,urological,Long-lasting erectile dysfunction treatment up to 36 hours,"Headache, back pain, muscle aches, flushing",Take 30 minutes before activity; or daily low dose,Never use with nitrates; avoid with alpha-blockers
Silofast,silodosin 8mg brand,urological,Improves urine flow for enlarged prostate quickly,"Dizziness, retrograde ejaculation, nasal congestion",Take once daily with food at same time,Avoid ketoconazole; caution with blood pressure drugs
Minipress XL,prazosin extended-release,urological,Extended prostate and blood pressure symptom relief,"Dizziness, headache, drowsiness, fatigue",Take once daily at bedtime; swallow whole,Caution with other blood pressure medications
Norvasc,amlodipine besylate brand,antihypertensive,Global brand for reliable blood pressure control,"Ankle swelling, headache, flushing, tiredness",Take once daily at the same time,Avoid grapefruit; caution with simvastatin high doses
Micardis,telmisartan brand tablet,antihypertensive,Protects heart and kidneys while lowering pressure,"Dizziness, back pain, diarrhea, upper respiratory",Take once daily at the same time,Do not use with ACE inhibitors; avoid potassium
Zestril,lisinopril,antihypertensive,ACE inhibitor protecting heart and kidneys,"Dry cough, dizziness, headache, high potassium",Take once daily at the same time,Avoid potassium supplements; caution with NSAIDs
Lisinopril Tab,lisinopril 10mg,antihypertensive,Standard-dose ACE inhibitor for hypertension,"Dry cough, dizziness, fatigue, headache",Take once daily morning; do not stop suddenly,Avoid potassium supplements; caution with lithium
Torcilin,torsemide 20mg brand,diuretic,Mid-range diuretic for moderate fluid overload,"Dizziness, headache, excessive urination",Take once daily in the morning with or without food,Monitor potassium; caution with lithium
Frusemide 20,furosemide 20mg brand,diuretic,Low-dose diuretic for mild fluid retention,"Dizziness, low potassium, increased urination",Take once daily in the morning,Monitor electrolytes; caution with aminoglycosides
ReoPro,abciximab,anticoagulant,Prevents blood clotting during heart interventions,"Bleeding, low platelets, back pain, nausea",Given by IV during cardiac catheterization only,Avoid with other anticoagulants; monitor platelets
Integrilin,eptifibatide,anticoagulant,Short-acting blood clot preventer for heart emergencies,"Bleeding, low blood pressure, injection site bleeding",Given by IV infusion in hospital cardiac care,Avoid with other blood thinners; monitor closely
Aggrastat,tirofiban,anticoagulant,Prevents clots during acute coronary syndrome treatment,"Bleeding, headache, nausea, low platelets",Given by IV in hospital coronary care unit,Monitor platelet count; avoid with other anticoagulants
Prasugrel Tab,prasugrel 10mg brand,antiplatelet,Strong platelet inhibitor after heart stent placement,"Bleeding, bruising, rash, fatigue",Take once daily with or without food,Avoid with blood thinners; not for patients over 75
Brillinta,ticagrelor 90mg brand,antiplatelet,Reversible platelet inhibitor for ACS treatment,"Bleeding, breathlessness, headache, nausea",Take twice daily; maintain low-dose aspirin only,Avoid strong CYP3A4 inhibitors; limit aspirin to 100mg
Trental 400,pentoxifylline 400mg brand,vasodilator,Improves walking distance in peripheral artery disease,"Nausea, dizziness, headache, flushing",Take 3 times daily with meals; swallow whole,Caution with blood thinners; avoid in recent bleeding
Angised,glyceryl trinitrate sublingual,cardiac,Emergency chest pain relief during angina episodes,"Headache, flushing, dizziness, low blood pressure",Place under tongue; can repeat every 5 minutes up to 3 doses,Never use with PDE5 inhibitors; seek help if 3 doses fail
Nitroderm,nitroglycerin transdermal patch,cardiac,24-hour angina prevention through skin patch,"Headache, dizziness, skin irritation at patch site",Apply one patch daily; remove for 10-12 hours at night,Never use with sildenafil; rotate application sites
Finocar,finofibrate 200mg brand,lipid-lowering,Lowers triglycerides to reduce pancreatitis risk,"Muscle pain, stomach upset, headache, gallstones",Take once daily with main meal,Caution with statins; avoid in kidney disease
Zetia,ezetimibe 10mg brand,lipid-lowering,Cholesterol absorption blocker used with diet changes,"Stomach pain, fatigue, diarrhea, joint pain",Take once daily at any time,Safe with statins; caution with fibrates
Wintrogen,stanozolol,hematological,Treats hereditary angioedema by preventing swelling attacks,"Liver problems, acne, voice changes, cholesterol changes",Take as prescribed; regular liver monitoring needed,Many interactions; monitor liver function closely
Desmopressin,desmopressin acetate,hematological,Treats bleeding disorders and bedwetting in children,"Headache, nausea, water retention, low sodium",Take as nasal spray or tablet; restrict fluid intake after,Avoid excess water intake; caution with diuretics
Rexipra,escitalopram 10mg brand,psychiatric,Standard-dose depression and anxiety treatment,"Nausea, headache, insomnia, sexual dysfunction",Take once daily morning or evening; allow weeks to work,Avoid MAO inhibitors; caution with triptans
Biosuganril,sertraline 50mg brand,psychiatric,Starting-dose SSRI for depression management,"Nausea, diarrhea, tremor, insomnia",Take once daily with food; increase dose gradually,Avoid MAO inhibitors; caution with blood thinners
Cipralex,escitalopram brand tablet,psychiatric,Treats generalized anxiety and major depression,"Nausea, dry mouth, drowsiness, sexual problems",Take once daily; full effect in 2-4 weeks,Avoid MAO inhibitors; many drug interactions
Floxin,ofloxacin 200mg brand,antibiotic,Treats bacterial UTI and respiratory infections,"Nausea, headache, dizziness, insomnia",Take twice daily with or without food; complete course,Avoid antacids and iron 2 hours around dose
Formonide,formoterol + budesonide brand,respiratory,Prevents and controls asthma and COPD symptoms,"Oral thrush, tremor, headache, hoarseness",Inhale twice daily; rinse mouth after use,Caution with beta-blockers; avoid ketoconazole
Maxovent,salbutamol 4mg tablet,respiratory,Oral bronchodilator for mild asthma and wheezing,"Tremor, palpitations, headache, muscle cramps",Take 3-4 times daily as prescribed,Caution with beta-blockers; may interact with diuretics
Cetcip,cetirizine 10mg brand,antiallergic,Once-daily allergy control at affordable price,"Drowsiness, dry mouth, headache, fatigue",Take once daily at bedtime,Avoid alcohol; may enhance sedation with other drugs
Fexova,fexofenadine 180mg brand,antiallergic,High-dose non-drowsy allergy relief for chronic urticaria,"Headache, back pain, nausea (rare)",Take once daily; avoid with fruit juices,Take 2 hours apart from antacids
Levosiz,levocetirizine 5mg brand,antiallergic,Potent antihistamine with minimal sedation,"Mild drowsiness, dry mouth, headache",Take once daily in the evening,Avoid alcohol; may cause mild drowsiness
Montair,montelukast 10mg brand,respiratory,Evening asthma and allergy prevention tablet,"Headache, stomach pain, tiredness, mood changes",Take once daily in the evening,Report mood changes; few drug interactions
Dermovate,clobetasol propionate ointment,dermatological,Super-potent steroid ointment for thick skin lesions,"Skin atrophy, stretch marks, secondary infection",Apply very thin layer once daily; maximum 2 weeks,Do not use on face; avoid occlusive wrapping
Sporanox,itraconazole brand capsule,antifungal,Treats deep-seated fungal infections of lungs and nails,"Nausea, liver problems, rash, headache",Take capsules with full meal for best absorption,Many drug interactions; monitor liver function
Diflucan,fluconazole 150mg brand,antifungal,Single-dose oral treatment for vaginal candidiasis,"Nausea, headache, stomach pain, diarrhea",Take one capsule with water; may repeat after 72 hours,Interacts with blood thinners and statins
Vfend,voriconazole brand tablet,antifungal,Treats invasive aspergillosis in immunocompromised,"Visual disturbances, liver problems, rash, fever",Take 1 hour before or after meals; monitor liver,Many drug interactions; avoid rifampicin
Mycamine,micafungin brand injection,antifungal,Hospital injectable for serious systemic fungal infections,"Headache, nausea, diarrhea, fever",Given by IV once daily in hospital,Few interactions; caution with sirolimus
Azilide,azithromycin 250mg brand,antibiotic,Convenient 3-day antibiotic for throat and skin infections,"Nausea, diarrhea, stomach cramps, headache",Take 1 hour before or 2 after food daily for 3 days,Avoid with antacids; caution with heart rhythm drugs
Diclomol,diclofenac + paracetamol tablet,analgesic,Combination pain and fever relief for various conditions,"Stomach upset, nausea, dizziness, headache",Take after meals 2-3 times daily,Avoid blood thinners; watch paracetamol daily limit
Diclogesic,diclofenac sodium 50mg brand,analgesic,Standard-dose anti-inflammatory pain reliever,"Stomach pain, nausea, headache, dizziness",Take with food 2-3 times daily,Avoid blood thinners; caution with kidney disease
Emla,lidocaine + prilocaine cream,analgesic,Numbs skin before needle procedures and minor surgery,"Skin whitening, redness, mild burning",Apply thick layer under dressing 1 hour before procedure,Avoid on broken skin; caution with methemoglobin-causing drugs
Lignocaine,lignocaine hydrochloride gel,analgesic,Numbs skin and mucous membranes for local procedures,"Mild burning, tingling, numbness at site",Apply to affected area before procedure as directed,Avoid on large areas; caution with heart rhythm drugs
Xylocaine,lidocaine injection,analgesic,Local anesthetic injection for dental and minor procedures,"Numbness, tingling, dizziness, slow heartbeat",Given by injection at procedure site by doctor,Caution with heart rhythm drugs; avoid large total doses
Sensorcaine,bupivacaine injection,analgesic,Long-acting local anesthetic for surgery and epidurals,"Numbness, low blood pressure, slow heartbeat",Given by injection in hospital/surgical settings,Avoid IV injection; caution with other local anesthetics
Betadine Gargle,povidone-iodine gargle,antiseptic,Kills germs in throat for sore throat and mouth infections,"Temporary taste change, mild throat irritation",Gargle undiluted for 30 seconds 3-4 times daily; do not swallow,Avoid with thyroid disorders; do not swallow
Hexidine,chlorhexidine gluconate mouthwash,antiseptic,Reduces plaque and treats gum inflammation,"Taste changes, teeth staining, dry mouth",Rinse mouth for 30 seconds twice daily; do not swallow,May stain teeth; use soft toothpaste
Silverex,silver sulfadiazine cream brand,antiseptic,Prevents burn wound infection with sustained silver release,"Mild skin irritation, temporary discoloration",Apply thin layer on burn area once or twice daily,Avoid in sulfa allergy; avoid with enzyme wound products
Soframycin Skin,framycetin skin cream brand,antiseptic,Prevents infection in minor cuts and grazes,"Mild skin irritation, allergic rash (rare)",Apply thin layer on clean wound 1-3 times daily,For external use only; few systemic interactions
Neosporin Eye,neomycin + polymyxin + gramicidin eye,ophthalmic,Prevents bacterial eye infection after injury or surgery,"Eye stinging, redness, blurred vision temporarily",Put 1-2 drops 4-6 times daily as prescribed,Avoid prolonged use; few systemic interactions
Tobrex,tobramycin 0.3% eye drops brand,ophthalmic,Treats bacterial conjunctivitis and eye infections,"Eye irritation, redness, itching, blurred vision",Put 1-2 drops every 4 hours; reduce as infection clears,Few systemic interactions; complete full course
Zymar,gatifloxacin 0.3% eye drops brand,ophthalmic,Advanced antibiotic eye drops for bacterial conjunctivitis,"Eye irritation, increased tearing, headache",Put 1 drop 3-4 times daily for 7 days,Few systemic interactions; safe with other eye meds
Careprost,bimatoprost ophthalmic,ophthalmic,Lowers eye pressure and promotes eyelash growth,"Eye redness, iris darkening, eyelash changes",Put 1 drop in affected eye once daily in evening,Remove contacts before use; few systemic interactions
Combigan,brimonidine + timolol eye drops,ophthalmic,Dual-action glaucoma treatment lowering eye pressure,"Eye burning, stinging, drowsiness, dry mouth",Put 1 drop twice daily; wait 5 minutes between drops,Avoid with oral beta-blockers; caution in asthma
Cosopt,dorzolamide + timolol eye drops,ophthalmic,Combined glaucoma treatment reducing fluid production,"Bitter taste, eye burning, blurred vision",Put 1 drop twice daily in affected eye,Avoid oral carbonic anhydrase inhibitors and beta-blockers
Lotemax,loteprednol etabonate brand,ophthalmic,Treats eye inflammation after surgery with less pressure risk,"Mild stinging, headache, blurred vision",Put 1-2 drops 4 times daily; taper as directed,Monitor eye pressure; safer than older steroids
Restasis,cyclosporine ophthalmic emulsion,ophthalmic,Treats chronic dry eye by reducing eye inflammation,"Burning, stinging, blurred vision, eye discharge",Put 1 drop twice daily; takes weeks for full effect,Wait 15 minutes before other eye drops
FML,fluorometholone brand eye drops,ophthalmic,Mild steroid for allergic eye inflammation,"Mild stinging, blurred vision, eye pressure increase",Put 1-2 drops 2-4 times daily; shake before use,Monitor eye pressure with prolonged use
Xalacom,latanoprost + timolol combination,ophthalmic,Dual glaucoma treatment in single daily drop,"Eye redness, iris color change, stinging",Put 1 drop once daily in the evening,Avoid with other beta-blockers; caution in asthma
Ketanov,ketorolac tromethamine brand tablet,analgesic,Powerful short-term pain relief for post-operative pain,"Stomach pain, nausea, headache, drowsiness",Take for maximum 5 days only; with or without food,Avoid blood thinners and other NSAIDs
Tramacip,tramadol 50mg brand capsule,analgesic,Moderate pain relief for post-surgical recovery,"Nausea, dizziness, constipation, drowsiness",Take every 6 hours as needed; with or without food,Avoid MAO inhibitors and alcohol; habit risk
Oxypro,oxycodone + paracetamol,analgesic,Strong pain relief for severe acute pain conditions,"Constipation, nausea, drowsiness, dizziness",Take every 6 hours as needed; do not exceed daily limit,Avoid alcohol; highly addictive; use shortest duration
Ametop,tetracaine gel,analgesic,Numbing gel applied before needle procedures,"Skin redness, mild itching at application site",Apply under dressing 30-45 minutes before procedure,For external use only; avoid on broken skin
Anesol,benzocaine + menthol gel,analgesic,Numbs mouth pain from ulcers and teething,"Mild stinging, numbness, taste changes",Apply to sore area up to 4 times daily; do not swallow,Avoid in methemoglobin risk; few other interactions
